Date,TBA Options | Front | 4.0 | ATM | Put | Premium,TBA Options | Front | 4.0 | ATM | Put | Price bpvol,TBA Options | Front | 4.0 | ATM | Put | Cvx-adj yield bpvol,TBA Options | Front | 4.0 | ATM | Put | Strike,TBA Options | Front | 4.0 | ATM | Put | TBA price,TBA Options | Front | 4.0 | ATM | Put | Price delta,TBA Options | Front | 4.0 | ATM | Put | Yield delta,TBA Options | Front | 4.0 | ATM | Put | Vega,TBA Options | Front | 4.0 | ATM | Put | Libor OAS,TBA Options | Front | 4.0 | ATM | Put | Model duration,TBA Options | Front | 4.0 | ATM | Put | Trader duration,TBA Options | Front | 4.0 | ATM | Put | Empirical duration,TBA Options | Front | 4.0 | ATM | Put | Expiry,TBA Options | Front | 4.0 | ATM | Put | Matched Swaption Price 10Y,TBA Options | Front | 4.0 | ATM | Put | Matched Swaption Price 7Y,TBA Options | Front | 4.0 | ATM | Put | Matched Swaption Price 5Y,TBA Options | Front | 4.0 | ATM | Call | Premium,TBA Options | Front | 4.0 | ATM | Call | Price bpvol,TBA Options | Front | 4.0 | ATM | Call | Cvx-adj yield bpvol,TBA Options | Front | 4.0 | ATM | Call | Strike,TBA Options | Front | 4.0 | ATM | Call | TBA price,TBA Options | Front | 4.0 | ATM | Call | Price delta,TBA Options | Front | 4.0 | ATM | Call | Yield delta,TBA Options | Front | 4.0 | ATM | Call | Vega,TBA Options | Front | 4.0 | ATM | Call | Libor OAS,TBA Options | Front | 4.0 | ATM | Call | Model duration,TBA Options | Front | 4.0 | ATM | Call | Trader duration,TBA Options | Front | 4.0 | ATM | Call | Empirical duration,TBA Options | Front | 4.0 | ATM | Call | Expiry,TBA Options | Front | 4.0 | ATM | Call | Matched Swaption Price 10Y,TBA Options | Front | 4.0 | ATM | Call | Matched Swaption Price 7Y,TBA Options | Front | 4.0 | ATM | Call | Matched Swaption Price 5Y
,0.46771,7.44068,7.28054,94.48438,94.48438,-0.51729,315.28542,0.48271,48.8,5.315,5.18767,6.04318,20230706,53.46386,45.14046,36.42867,0.46771,7.44068,7.28054,94.48438,94.48438,0.4813,-293.35385,0.48271,48.8,5.315,5.18767,6.04318,20230706,53.46386,45.14046,36.42867
,,,,,,,,,,,,,,,,,,,,,,,,,,,,,,,,
TBA Options | Front | 4.0 | ATM | Put | Premium,0.46771,,,,,,,,,,,,,,,,,,,,,,,,,,,,,,,
TBA Options | Front | 4.0 | ATM | Put | Price bpvol,7.44068,,,,,,,,,,,,,,,,,,,,,,,,,,,,,,,
TBA Options | Front | 4.0 | ATM | Put | Cvx-adj yield bpvol,7.28054,,,,,,,,,,,,,,,,,,,,,,,,,,,,,,,
TBA Options | Front | 4.0 | ATM | Put | Strike,94.48438,,,,,,,,,,,,,,,,,,,,,,,,,,,,,,,
TBA Options | Front | 4.0 | ATM | Put | TBA price,94.48438,,,,,,,,,,,,,,,,,,,,,,,,,,,,,,,
TBA Options | Front | 4.0 | ATM | Put | Price delta,-0.51729,,,,,,,,,,,,,,,,,,,,,,,,,,,,,,,
TBA Options | Front | 4.0 | ATM | Put | Yield delta,315.28542,,,,,,,,,,,,,,,,,,,,,,,,,,,,,,,
TBA Options | Front | 4.0 | ATM | Put | Vega,0.48271,,,,,,,,,,,,,,,,,,,,,,,,,,,,,,,
TBA Options | Front | 4.0 | ATM | Put | Libor OAS,48.8,,,,,,,,,,,,,,,,,,,,,,,,,,,,,,,
TBA Options | Front | 4.0 | ATM | Put | Model duration,5.315,,,,,,,,,,,,,,,,,,,,,,,,,,,,,,,
TBA Options | Front | 4.0 | ATM | Put | Trader duration,5.18767,,,,,,,,,,,,,,,,,,,,,,,,,,,,,,,
TBA Options | Front | 4.0 | ATM | Put | Empirical duration,6.04318,,,,,,,,,,,,,,,,,,,,,,,,,,,,,,,
TBA Options | Front | 4.0 | ATM | Put | Expiry,20230706,,,,,,,,,,,,,,,,,,,,,,,,,,,,,,,
TBA Options | Front | 4.0 | ATM | Put | Matched Swaption Price 10Y,53.46386,,,,,,,,,,,,,,,,,,,,,,,,,,,,,,,
TBA Options | Front | 4.0 | ATM | Put | Matched Swaption Price 7Y,45.14046,,,,,,,,,,,,,,,,,,,,,,,,,,,,,,,
TBA Options | Front | 4.0 | ATM | Put | Matched Swaption Price 5Y,36.42867,,,,,,,,,,,,,,,,,,,,,,,,,,,,,,,
TBA Options | Front | 4.0 | ATM | Call | Premium,0.46771,,,,,,,,,,,,,,,,,,,,,,,,,,,,,,,
TBA Options | Front | 4.0 | ATM | Call | Price bpvol,7.44068,7.4945%,,,,,,,,,,,,,,,,,,,,,,,,,,,,,,
TBA Options | Front | 4.0 | ATM | Call | Cvx-adj yield bpvol,7.28054,,,,,,,,,,,,,,,,,,,,,,,,,,,,,,,
TBA Options | Front | 4.0 | ATM | Call | Strike,94.48438,,,,,,,,,,,,,,,,,,,,,,,,,,,,,,,
TBA Options | Front | 4.0 | ATM | Call | TBA price,94.48438,,,,,,,,,,,,,,,,,,,,,,,,,,,,,,,
TBA Options | Front | 4.0 | ATM | Call | Price delta,0.4813,0.502474422,,,,,,,,,,,,,,,,,,,,,,,,,,,,,,
TBA Options | Front | 4.0 | ATM | Call | Yield delta,-293.35385,,,,,,,,,,,,,,,,,,,,,,,,,,,,,,,
TBA Options | Front | 4.0 | ATM | Call | Vega,0.48271,0.491321603,,,,,,,,,,,,,,,,,,,,,,,,,,,,,,
TBA Options | Front | 4.0 | ATM | Call | Libor OAS,48.8,,,,,,,,,,,,,,,,,,,,,,,,,,,,,,,
TBA Options | Front | 4.0 | ATM | Call | Model duration,5.315,,,,,,,,,,,,,,,,,,,,,,,,,,,,,,,
TBA Options | Front | 4.0 | ATM | Call | Trader duration,5.18767,,,,,,,,,,,,,,,,,,,,,,,,,,,,,,,
TBA Options | Front | 4.0 | ATM | Call | Empirical duration,6.04318,,,,,,,,,,,,,,,,,,,,,,,,,,,,,,,
TBA Options | Front | 4.0 | ATM | Call | Expiry,20230706,,,,,,,,,,,,,,,,,,,,,,,,,,,,,,,
TBA Options | Front | 4.0 | ATM | Call | Matched Swaption Price 10Y,53.46386,,,,,,,,,,,,,,,,,,,,,,,,,,,,,,,
TBA Options | Front | 4.0 | ATM | Call | Matched Swaption Price 7Y,45.14046,,,,,,,,,,,,,,,,,,,,,,,,,,,,,,,
TBA Options | Front | 4.0 | ATM | Call | Matched Swaption Price 5Y,36.42867,,,,,,,,,,,,,,,,,,,,,,,,,,,,,,,
,26-Jun-23,,,,,,,,,,,,,,,,,,,,,,,,,,,,,,,
,6-Jul-23,,,,,,,,,,,,,,,,,,,,,,,,,,,,,,,
,10,,,,,,,,,,,,,,,,,,,,,,,,,,,,,,,
27-Jun-23,0.43198,7.44087,7.18112,94.24219,94.24219,-0.51569,317.85352,0.45248,48.7,5.349,5.21558,5.82393,20230706,48.66914,41.12119,33.21407,0.43198,7.44087,7.18112,94.24219,94.24219,0.48305,-297.73388,0.45248,48.7,5.349,5.21558,5.82393,20230706,48.66914,41.12119,33.21407
,,,,,,,,,,,,,,,,,,,,,,,,,,,,,,,,
,6/27/2023,,,,,,,,,,,,,,,,,,,,,,,,,,,,,,,
TBA Options | Front | 4.0 | ATM | Put | Premium,0.43198,,,,,,,,,,,,,,,,,,,,,,,,,,,,,,,
TBA Options | Front | 4.0 | ATM | Put | Price bpvol,7.44087,,,,,,,,,,,,,,,,,,,,,,,,,,,,,,,
TBA Options | Front | 4.0 | ATM | Put | Cvx-adj yield bpvol,7.18112,,,,,,,,,,,,,,,,,,,,,,,,,,,,,,,
TBA Options | Front | 4.0 | ATM | Put | Strike,94.24219,,,,,,,,,,,,,,,,,,,,,,,,,,,,,,,
TBA Options | Front | 4.0 | ATM | Put | TBA price,94.24219,,,,,,,,,,,,,,,,,,,,,,,,,,,,,,,
TBA Options | Front | 4.0 | ATM | Put | Price delta,-0.51569,,,,,,,,,,,,,,,,,,,,,,,,,,,,,,,
TBA Options | Front | 4.0 | ATM | Put | Yield delta,317.85352,,,,,,,,,,,,,,,,,,,,,,,,,,,,,,,
TBA Options | Front | 4.0 | ATM | Put | Vega,0.45248,,,,,,,,,,,,,,,,,,,,,,,,,,,,,,,
TBA Options | Front | 4.0 | ATM | Put | Libor OAS,48.7,,,,,,,,,,,,,,,,,,,,,,,,,,,,,,,
TBA Options | Front | 4.0 | ATM | Put | Model duration,5.349,,,,,,,,,,,,,,,,,,,,,,,,,,,,,,,
TBA Options | Front | 4.0 | ATM | Put | Trader duration,5.21558,,,,,,,,,,,,,,,,,,,,,,,,,,,,,,,
TBA Options | Front | 4.0 | ATM | Put | Empirical duration,5.82393,,,,,,,,,,,,,,,,,,,,,,,,,,,,,,,
TBA Options | Front | 4.0 | ATM | Put | Expiry,20230706,,,,,,,,,,,,,,,,,,,,,,,,,,,,,,,
TBA Options | Front | 4.0 | ATM | Put | Matched Swaption Price 10Y,48.66914,,,,,,,,,,,,,,,,,,,,,,,,,,,,,,,
TBA Options | Front | 4.0 | ATM | Put | Matched Swaption Price 7Y,41.12119,,,,,,,,,,,,,,,,,,,,,,,,,,,,,,,
TBA Options | Front | 4.0 | ATM | Put | Matched Swaption Price 5Y,33.21407,,,,,,,,,,,,,,,,,,,,,,,,,,,,,,,
TBA Options | Front | 4.0 | ATM | Call | Premium,0.43198,,,,,,,,,,,,,,,,,,,,,,,,,,,,,,,
TBA Options | Front | 4.0 | ATM | Call | Price bpvol,7.44087,,,,,,,,,,,,,,,,,,,,,,,,,,,,,,,
TBA Options | Front | 4.0 | ATM | Call | Cvx-adj yield bpvol,7.18112,,,,,,,,,,,,,,,,,,,,,,,,,,,,,,,
TBA Options | Front | 4.0 | ATM | Call | Strike,94.24219,,,,,,,,,,,,,,,,,,,,,,,,,,,,,,,
TBA Options | Front | 4.0 | ATM | Call | TBA price,94.24219,,,,,,,,,,,,,,,,,,,,,,,,,,,,,,,
TBA Options | Front | 4.0 | ATM | Call | Price delta,0.48305,,,,,,,,,,,,,,,,,,,,,,,,,,,,,,,
TBA Options | Front | 4.0 | ATM | Call | Yield delta,-297.73388,,,,,,,,,,,,,,,,,,,,,,,,,,,,,,,
TBA Options | Front | 4.0 | ATM | Call | Vega,0.45248,,,,,,,,,,,,,,,,,,,,,,,,,,,,,,,
TBA Options | Front | 4.0 | ATM | Call | Libor OAS,48.7,,,,,,,,,,,,,,,,,,,,,,,,,,,,,,,
TBA Options | Front | 4.0 | ATM | Call | Model duration,5.349,,,,,,,,,,,,,,,,,,,,,,,,,,,,,,,
TBA Options | Front | 4.0 | ATM | Call | Trader duration,5.21558,,,,,,,,,,,,,,,,,,,,,,,,,,,,,,,
TBA Options | Front | 4.0 | ATM | Call | Empirical duration,5.82393,,,,,,,,,,,,,,,,,,,,,,,,,,,,,,,
TBA Options | Front | 4.0 | ATM | Call | Expiry,20230706,,,,,,,,,,,,,,,,,,,,,,,,,,,,,,,
TBA Options | Front | 4.0 | ATM | Call | Matched Swaption Price 10Y,48.66914,,,,,,,,,,,,,,,,,,,,,,,,,,,,,,,
TBA Options | Front | 4.0 | ATM | Call | Matched Swaption Price 7Y,41.12119,,,,,,,,,,,,,,,,,,,,,,,,,,,,,,,
TBA Options | Front | 4.0 | ATM | Call | Matched Swaption Price 5Y,33.21407,,,,,,,,,,,,,,,,,,,,,,,,,,,,,,,
,6/27/2023,,,,,,,,,,,,,,,,,,,,,,,,,,,,,,,
,6-Jul-23,,,,,,,,,,,,,,,,,,,,,,,,,,,,,,,
,,,,,,,,,,,,,,,,,,,,,,,,,,,,,,,,
,,,,,,,,,,,,,,,,,,,,,,,,,,,,,,,,
,,,,,,,,,,,,,,,,,,,,,,,,,,,,,,,,
,,,,,,,,,,,,,,,,,,,,,,,,,,,,,,,,
,,,,,,,,,,,,,,,,,,,,,,,,,,,,,,,,
,,,,,,,,,,,,,,,,,,,,,,,,,,,,,,,,
,,,,,,,,,,,,,,,,,,,,,,,,,,,,,,,,
,,,,,,,,,,,,,,,,,,,,,,,,,,,,,,,,
,,,,,,,,,,,,,,,,,,,,,,,,,,,,,,,,
,,,,,,,,,,,,,,,,,,,,,,,,,,,,,,,,
,,,,,,,,,,,,,,,,,,,,,,,,,,,,,,,,
,,,,,,,,,,,,,,,,,,,,,,,,,,,,,,,,
28-Jun-23,0.31987,6.01823,5.8985,94.5,94.5,-0.51353,312.52819,0.34044,48.3,5.248,5.17659,5.7447,20230706,43.91525,37.28074,30.18359,0.31987,6.01823,5.8985,94.5,94.5,0.48534,-295.37378,0.34044,48.3,5.248,5.17659,5.7447,20230706,43.91525,37.28074,30.18359
29-Jun-23,0.30963,6.57594,6.1661,93.58594,93.58594,-0.51155,322.25904,0.31578,51.8,5.503,5.28026,5.95845,20230706,40.72811,34.1233,27.43001,0.30963,6.57594,6.1661,93.58594,93.58594,0.48747,-307.09238,0.31578,51.8,5.503,5.28026,5.95845,20230706,40.72811,34.1233,27.43001
30-Jun-23,0.29276,7.16172,6.76814,93.80469,93.80469,-0.51056,319.87826,0.27205,49.1,5.375,5.25296,5.82691,20230706,38.73709,32.91703,26.67543,0.29276,7.16172,6.76814,93.80469,93.80469,0.48859,-306.11442,0.27205,49.1,5.375,5.25296,5.82691,20230706,38.73709,32.91703,26.67543
3-Jul-23,0.23589,7.08388,6.61332,93.54688,93.54688,-0.50848,321.60394,0.2244,50.2,5.444,5.27964,5.76313,20230706,30.83695,26.16883,21.19755,0.23589,7.08388,6.61332,93.54688,93.54688,0.49109,-310.60585,0.2244,50.2,5.444,5.27964,5.76313,20230706,30.83695,26.16883,21.19755
5-Jul-23,0.16258,6.94173,6.32715,93.02344,93.02344,-0.50566,325.74208,0.16205,51.2,5.566,5.32913,5.78967,20230706,20.78695,17.38147,13.96372,0.16258,6.94173,6.32715,93.02344,93.02344,0.4942,-318.3589,0.16205,51.2,5.566,5.32913,5.78967,20230706,20.78695,17.38147,13.96372
6-Jul-23,0.91052,8.37956,7.55697,92.42188,92.42188,-0.51914,335.80887,0.74519,52.4,5.655,5.41883,5.94347,20230807,115.66349,99.38571,81.13856,0.91052,8.37956,7.55697,92.42188,92.42188,0.47631,-308.10844,0.74519,52.4,5.655,5.41883,5.94347,20230807,115.66349,99.38571,81.13856
7-Jul-23,0.90889,8.54939,7.70072,92.53906,92.53906,-0.5071,328.8397,0.76662,50,5.675,5.44588,5.93879,20230807,110.21162,94.18185,76.65633,0.90889,8.54939,7.70072,92.53906,92.53906,0.48849,-316.77053,0.76662,50,5.675,5.44588,5.93879,20230807,110.21162,94.18185,76.65633
10-Jul-23,0.84973,8.1603,7.43142,92.83984,92.83984,-0.50745,326.52963,0.73645,49.3,5.624,5.43908,6.07323,20230807,105.24144,89.56477,72.6955,0.84973,8.1603,7.43142,92.83984,92.83984,0.48856,-314.37522,0.73645,49.3,5.624,5.43908,6.07323,20230807,105.24144,89.56477,72.6955
11-Jul-23,0.7984,7.86313,7.1996,92.86719,92.86719,-0.5074,324.83493,0.71489,52.1,5.602,5.40631,6.08558,20230807,99.52829,84.64494,68.67944,0.7984,7.86313,7.1996,92.86719,92.86719,0.48874,-312.89228,0.71489,52.1,5.602,5.40631,6.08558,20230807,99.52829,84.64494,68.67944
12-Jul-23,0.69059,6.91279,6.5448,93.85938,93.85938,-0.50777,317.7342,0.68176,47,5.403,5.32327,6.54565,20230807,88.75388,74.68646,60.19237,0.69059,6.91279,6.5448,93.85938,93.85938,0.48852,-305.68755,0.68176,47,5.403,5.32327,6.54565,20230807,88.75388,74.68646,60.19237
13-Jul-23,0.64247,6.57228,6.41525,94.49219,94.49219,-0.50852,310.72136,0.64842,47.4,5.332,5.25505,6.57169,20230807,85.09931,71.82243,57.9478,0.64247,6.57228,6.41525,94.49219,94.49219,0.48791,-298.12435,0.64842,47.4,5.332,5.25505,6.57169,20230807,85.09931,71.82243,57.9478
14-Jul-23,0.66868,7.08866,6.7798,93.97656,93.97656,-0.50815,315.15137,0.66268,50.2,5.406,5.2784,6.68461,20230807,83.62634,70.97456,57.46535,0.66868,7.08866,6.7798,93.97656,93.97656,0.48842,-302.9144,0.66268,50.2,5.406,5.2784,6.68461,20230807,83.62634,70.97456,57.46535
17-Jul-23,0.59254,6.47242,6.69934,94.15625,94.15625,-0.51067,293.21653,0.59804,49.1,5.364,5.25371,6.77318,20230807,80.20774,68.06129,55.09297,0.59254,6.47242,6.69934,94.15625,94.15625,0.48631,-279.22911,0.59804,49.1,5.364,5.25371,6.77318,20230807,80.20774,68.06129,55.09297
18-Jul-23,0.5507,6.22203,6.46795,94.21094,94.21094,-0.51014,291.82088,0.5757,49.6,5.341,5.25257,6.71097,20230807,74.86994,63.52279,51.43103,0.5507,6.22203,6.46795,94.21094,94.21094,0.48699,-278.57743,0.5757,49.6,5.341,5.25257,6.71097,20230807,74.86994,63.52279,51.43103
19-Jul-23,0.51747,6.05892,6.37892,94.32812,94.32812,-0.50997,288.40214,0.54893,50.4,5.279,5.22143,6.6565,20230807,71.28629,61.43307,50.15773,0.51747,6.05892,6.37892,94.32812,94.32812,0.48729,-275.57445,0.54893,50.4,5.279,5.22143,6.6565,20230807,71.28629,61.43307,50.15773
20-Jul-23,0.58285,7.14826,7.22698,93.71875,93.71875,-0.51005,298.4318,0.56462,50.6,5.441,5.30177,6.65385,20230807,74.30954,63.48176,51.59626,0.58285,7.14826,7.22698,93.71875,93.71875,0.48735,-285.15171,0.56462,50.6,5.441,5.30177,6.65385,20230807,74.30954,63.48176,51.59626
21-Jul-23,0.53224,6.81116,6.90426,93.79688,93.79688,-0.50936,297.49709,0.54469,49.7,5.411,5.27317,6.63568,20230807,67.40204,57.95355,47.27412,0.53224,6.81116,6.90426,93.79688,93.79688,0.48818,-285.12478,0.54469,49.7,5.411,5.27317,6.63568,20230807,67.40204,57.95355,47.27412
24-Jul-23,0.51386,6.8998,6.94256,93.71875,93.71875,-0.5091,299.30161,0.52281,48.8,5.416,5.27833,6.61469,20230807,64.55382,55.44697,45.21028,0.51386,6.8998,6.94256,93.71875,93.71875,0.48886,-287.40254,0.52281,48.8,5.416,5.27833,6.61469,20230807,64.55382,55.44697,45.21028
25-Jul-23,0.50669,7.19264,7.09776,93.42969,93.42969,-0.50854,303.90523,0.50378,48.9,5.482,5.30522,6.59597,20230807,62.44469,53.60731,43.72007,0.50669,7.19264,7.09776,93.42969,93.42969,0.48956,-292.56553,0.50378,48.9,5.482,5.30522,6.59597,20230807,62.44469,53.60731,43.72007
26-Jul-23,0.43273,6.48306,6.53063,93.88281,93.88281,-0.50796,298.8174,0.46801,45.4,5.362,5.25077,6.62971,20230807,54.38035,46.31452,37.5877,0.43273,6.48306,6.53063,93.88281,93.88281,0.49028,-288.41329,0.46801,45.4,5.362,5.25077,6.62971,20230807,54.38035,46.31452,37.5877
27-Jul-23,0.48951,7.92201,7.58586,92.89844,92.89844,-0.50767,310.87205,0.45458,48.5,5.63,5.39225,6.59144,20230807,58.62037,49.81435,40.39412,0.48951,7.92201,7.58586,92.89844,92.89844,0.49071,-300.48937,0.45458,48.5,5.63,5.39225,6.59144,20230807,58.62037,49.81435,40.39412
28-Jul-23,0.44658,7.77245,7.54203,93.28906,93.28906,-0.50753,307.98341,0.41778,45.3,5.525,5.34133,6.70969,20230807,54.09258,46.03828,37.36021,0.44658,7.77245,7.54203,93.28906,93.28906,0.491,-297.94808,0.41778,45.3,5.525,5.34133,6.70969,20230807,54.09258,46.03828,37.36021
31-Jul-23,0.39694,7.56142,7.36537,93.32812,93.32812,-0.50659,306.3688,0.3804,45.8,5.505,5.34047,6.70861,20230807,48.30023,40.71353,32.85672,0.39694,7.56142,7.36537,93.32812,93.32812,0.49238,-297.76983,0.3804,45.8,5.505,5.34047,6.70861,20230807,48.30023,40.71353,32.85672
1-Aug-23,0.3815,8.17875,7.75073,92.70312,92.70312,-0.50587,312.34697,0.34723,49.4,5.675,5.42966,6.75736,20230807,45.31039,37.91277,30.48449,0.3815,8.17875,7.75073,92.70312,92.70312,0.49325,-304.55757,0.34723,49.4,5.675,5.42966,6.75736,20230807,45.31039,37.91277,30.48449
2-Aug-23,0.34617,8.59569,8.08259,92.40625,92.40625,-0.5054,313.49278,0.30216,52.5,5.757,5.71026,6.77098,20230807,40.9348,33.31748,26.34209,0.34617,8.59569,8.08259,92.40625,92.40625,0.49387,-306.34048,0.30216,52.5,5.757,5.71026,6.77098,20230807,40.9348,33.31748,26.34209
3-Aug-23,0.38345,11.74071,10.6793,91.76562,91.76562,-0.50269,320.10367,0.25264,50.5,5.871,5.75625,6.72645,20230807,43.92962,35.77062,28.29259,0.38345,11.74071,10.6793,91.76562,91.76562,0.49673,-316.30858,0.25264,50.5,5.871,5.75625,6.72645,20230807,43.92962,35.77062,28.29259
4-Aug-23,0.19253,8.26655,7.7975,92.53125,92.53125,-0.50147,310.50422,0.17455,49,5.702,5.67973,6.60929,20230807,22.85324,18.08692,14.04502,0.19253,8.26655,7.7975,92.53125,92.53125,0.49809,-308.40762,0.17455,49,5.702,5.67973,6.60929,20230807,22.85324,18.08692,14.04502
7-Aug-23,0.90659,8.31641,7.96446,92.72266,92.72266,-0.50404,308.03285,0.77663,46.6,5.722,5.66845,6.58612,20230907,112.45099,89.31868,69.51208,0.90659,8.31641,7.96446,92.72266,92.72266,0.4914,-300.30699,0.77663,46.6,5.722,5.66845,6.58612,20230907,112.45099,89.31868,69.51208
8-Aug-23,0.86381,8.09591,7.86559,92.875,92.875,-0.50441,304.35336,0.75058,47.2,5.619,5.62209,6.48896,20230907,108.79526,86.00357,66.72272,0.86381,8.09591,7.86559,92.875,92.875,0.49119,-296.37603,0.75058,47.2,5.619,5.62209,6.48896,20230907,108.79526,86.00357,66.72272
9-Aug-23,0.8179,7.84255,7.63704,93.00781,93.00781,-0.50397,303.82411,0.73195,47.6,5.616,5.63187,6.59077,20230907,103.12184,81.42037,63.12495,0.8179,7.84255,7.63704,93.00781,93.00781,0.49177,-296.46521,0.73195,47.6,5.616,5.63187,6.59077,20230907,103.12184,81.42037,63.12495
10-Aug-23,0.79192,7.83226,7.43553,92.5,92.5,-0.50257,309.08417,0.72622,50.7,5.758,5.37959,6.3243,20230907,97.56849,76.36601,58.88086,0.79192,7.83226,7.43553,92.5,92.5,0.49332,-303.39459,0.72622,50.7,5.758,5.37959,6.3243,20230907,97.56849,76.36601,58.88086
11-Aug-23,0.84971,8.68718,8.04734,91.92188,91.92188,-0.50213,314.50535,0.73173,52.9,5.837,5.47114,6.33522,20230907,100.42094,78.68627,60.73053,0.84971,8.68718,8.04734,91.92188,91.92188,0.4939,-309.34822,0.73173,52.9,5.837,5.47114,6.33522,20230907,100.42094,78.68627,60.73053
14-Aug-23,0.8199,8.6392,7.94863,91.73438,91.73438,-0.50176,315.7739,0.71476,53.3,5.847,5.45367,6.26599,20230907,96.31326,75.49924,58.30055,0.8199,8.6392,7.94863,91.73438,91.73438,0.49471,-311.3348,0.71476,53.3,5.847,5.45367,6.26599,20230907,96.31326,75.49924,58.30055
15-Aug-23,0.83122,9.0614,8.23391,91.38281,91.38281,-0.50137,318.25763,0.69902,55.4,5.899,5.44876,6.26035,20230907,96.64423,75.76563,58.51569,0.83122,9.0614,8.23391,91.38281,91.38281,0.49525,-314.36791,0.69902,55.4,5.899,5.44876,6.26035,20230907,96.64423,75.76563,58.51569
16-Aug-23,0.82645,9.31311,8.39331,91.28906,91.28906,-0.4961,317.183,0.69633,53.5,5.911,5.55851,6.22717,20230907,93.38277,73.25075,56.59531,0.82645,9.31311,8.39331,91.28906,91.28906,0.50067,-320.10729,0.69633,53.5,5.911,5.55851,6.22717,20230907,93.38277,73.25075,56.59531
17-Aug-23,0.84931,9.95201,8.83198,90.85938,90.85938,-0.49563,320.29175,0.67947,54.3,5.972,5.63424,6.38873,20230907,94.73353,74.26469,57.35258,0.84931,9.95201,8.83198,90.85938,90.85938,0.50128,-323.94209,0.67947,54.3,5.972,5.63424,6.38873,20230907,94.73353,74.26469,57.35258
18-Aug-23,0.80648,9.77259,8.7792,91.16406,91.16406,-0.49597,317.68436,0.64966,53.1,5.923,5.58447,6.44011,20230907,91.0002,72.19827,56.19071,0.80648,9.77259,8.7792,91.16406,91.16406,0.50109,-320.96645,0.64966,53.1,5.923,5.58447,6.44011,20230907,91.0002,72.19827,56.19071
21-Aug-23,0.7987,10.13076,8.89152,90.60938,90.60938,-0.49499,322.55084,0.63455,53.4,6.005,5.64852,6.42203,20230907,88.27094,69.39399,53.69826,0.7987,10.13076,8.89152,90.60938,90.60938,0.50251,-327.45239,0.63455,53.4,6.005,5.64852,6.42203,20230907,88.27094,69.39399,53.69826
22-Aug-23,0.73709,9.7568,8.58243,90.67188,90.67188,-0.49485,321.96251,0.60695,54,5.964,5.60708,6.41147,20230907,81.63659,64.04356,49.49881,0.73709,9.7568,8.58243,90.67188,90.67188,0.5028,-327.13439,0.60695,54,5.964,5.60708,6.41147,20230907,81.63659,64.04356,49.49881
23-Aug-23,0.66976,9.20885,8.37551,91.53906,91.53906,-0.49612,315.17652,0.56609,52.7,5.837,5.50989,6.52779,20230907,76.45833,60.33867,46.80219,0.66976,9.20885,8.37551,91.53906,91.53906,0.50167,-318.70008,0.56609,52.7,5.837,5.50989,6.52779,20230907,76.45833,60.33867,46.80219
24-Aug-23,0.64377,9.35685,8.4117,91.26562,91.26562,-0.49594,317.79224,0.54144,54.3,5.9,5.51322,6.47314,20230907,72.74017,57.40348,44.52231,0.64377,9.35685,8.4117,91.26562,91.26562,0.502,-321.6788,0.54144,54.3,5.9,5.51322,6.47314,20230907,72.74017,57.40348,44.52231
25-Aug-23,0.58268,8.97361,8.06165,91.34375,91.34375,-0.49596,318.29878,0.51125,53.5,5.894,5.50749,6.53158,20230907,65.74963,51.25501,39.43777,0.58268,8.97361,8.06165,91.34375,91.34375,0.50212,-322.2526,0.51125,53.5,5.894,5.50749,6.53158,20230907,65.74963,51.25501,39.43777
28-Aug-23,0.51617,8.47203,7.66414,91.58594,91.58594,-0.49648,317.26269,0.47643,52.2,5.864,5.46718,6.48647,20230907,58.61551,45.70894,35.178,0.51617,8.47203,7.66414,91.58594,91.58594,0.50205,-320.81882,0.47643,52.2,5.864,5.46718,6.48647,20230907,58.61551,45.70894,35.178
29-Aug-23,0.46894,8.25594,7.66436,92.21094,92.21094,-0.49776,312.07474,0.43297,49.8,5.771,5.42369,6.5647,20230907,54.58082,43.34528,33.75344,0.46894,8.25594,7.66436,92.21094,92.21094,0.50091,-314.05012,0.43297,49.8,5.771,5.42369,6.5647,20230907,54.58082,43.34528,33.75344
30-Aug-23,0.43323,8.35814,7.75993,92.16406,92.16406,-0.49831,312.23026,0.3951,51.6,5.778,5.42223,6.50504,20230907,50.49579,40.32812,31.51497,0.43323,8.35814,7.75993,92.16406,92.16406,0.50051,-313.61235,0.3951,51.6,5.778,5.42223,6.50504,20230907,50.49579,40.32812,31.51497
31-Aug-23,0.38522,8.29315,7.7671,92.32812,92.32812,-0.499,310.49629,0.351,52.2,5.767,5.40631,6.47045,20230907,45.31193,36.19904,28.28609,0.38522,8.29315,7.7671,92.32812,92.32812,0.49997,-311.1022,0.351,52.2,5.767,5.40631,6.47045,20230907,45.31193,36.19904,28.28609
1-Sep-23,0.30493,7.60344,6.97361,92.03125,92.03125,-0.49838,315.65712,0.30927,50.8,5.843,5.47407,6.28338,20230907,35.16518,27.62666,21.35961,0.30493,7.60344,6.97361,92.03125,92.03125,0.50073,-317.14415,0.30927,50.8,5.843,5.47407,6.28338,20230907,35.16518,27.62666,21.35961
5-Sep-23,0.26009,7.99463,7.14691,91.38281,91.38281,-0.49876,321.80849,0.25731,53.4,5.967,5.5296,6.38299,20230907,29.32702,22.98235,17.74335,0.26009,7.99463,7.14691,91.38281,91.38281,0.50095,-323.22178,0.25731,53.4,5.967,5.5296,6.38299,20230907,29.32702,22.98235,17.74335
6-Sep-23,0.18159,7.90588,7.01955,91.22656,91.22656,-0.49919,323.7394,0.18289,53.4,5.958,5.526,6.39588,20230907,20.33937,15.85691,12.20114,0.18159,7.90588,7.01955,91.22656,91.22656,0.50066,-324.6886,0.18289,53.4,5.958,5.526,6.39588,20230907,20.33937,15.85691,12.20114
7-Sep-23,0.85867,8.36516,7.58095,91.53125,91.53125,-0.49613,316.28566,0.80098,51.2,5.935,5.52645,6.59603,20231005,97.34817,76.309,58.93507,0.85867,8.36516,7.58095,91.53125,91.53125,0.49974,-318.58864,0.80098,51.2,5.935,5.52645,6.59603,20231005,97.34817,76.309,58.93507
8-Sep-23,0.83678,8.35602,7.58668,91.60156,91.60156,-0.49607,315.90324,0.78011,50.3,5.898,5.48905,6.58037,20231005,94.96879,74.43489,57.48617,0.83678,8.35602,7.58668,91.60156,91.60156,0.49996,-318.37998,0.78011,50.3,5.898,5.48905,6.58037,20231005,94.96879,74.43489,57.48617
11-Sep-23,0.82746,8.50451,7.65424,91.39844,91.39844,-0.49578,317.79144,0.77117,50.1,5.913,5.51707,6.56378,20231005,92.3831,72.13838,55.56919,0.82746,8.50451,7.65424,91.39844,91.39844,0.50068,-320.92751,0.77117,50.1,5.913,5.51707,6.56378,20231005,92.3831,72.13838,55.56919
12-Sep-23,0.74577,7.87916,7.12129,91.47656,91.47656,-0.49532,316.43375,0.74728,51.9,5.876,5.50909,6.48858,20231005,83.66872,65.06148,49.97982,0.74577,7.87916,7.12129,91.47656,91.47656,0.50129,-320.24234,0.74728,51.9,5.876,5.50909,6.48858,20231005,83.66872,65.06148,49.97982
13-Sep-23,0.70756,7.68658,6.9762,91.6875,91.6875,-0.49512,315.71725,0.72407,49.9,5.845,5.48427,6.50254,20231005,79.61698,61.42175,46.93109,0.70756,7.68658,6.9762,91.6875,91.6875,0.50164,-319.87466,0.72407,49.9,5.845,5.48427,6.50254,20231005,79.61698,61.42175,46.93109
14-Sep-23,0.68439,7.69009,6.90948,91.53906,91.53906,-0.49447,317.97498,0.70708,49.1,5.892,5.50336,6.36852,20231005,76.26542,57.95517,43.82258,0.68439,7.69009,6.90948,91.53906,91.53906,0.50244,-323.10121,0.70708,49.1,5.892,5.50336,6.36852,20231005,76.26542,57.95517,43.82258
15-Sep-23,0.68027,7.9373,7.06861,91.23438,91.23438,-0.49415,319.53576,0.68673,52,5.973,5.53572,6.47801,20231005,75.28916,57.44799,43.56396,0.68027,7.9373,7.06861,91.23438,91.23438,0.5029,-325.19641,0.68673,52,5.973,5.53572,6.47801,20231005,75.28916,57.44799,43.56396
18-Sep-23,0.64371,7.78739,6.93802,91.27344,91.27344,-0.49407,319.48618,0.66222,51.6,5.95,5.5019,6.37364,20231005,71.25747,54.17899,40.99024,0.64371,7.78739,6.93802,91.27344,91.27344,0.50343,-325.537,0.66222,51.6,5.95,5.5019,6.37364,20231005,71.25747,54.17899,40.99024
19-Sep-23,0.6437,8.13548,7.14937,90.92188,90.92188,-0.49362,322.35849,0.64238,52.1,5.984,5.52845,6.49774,20231005,70.36909,53.67079,40.69974,0.6437,8.13548,7.14937,90.92188,90.92188,0.50402,-329.15304,0.64238,52.1,5.984,5.52845,6.49774,20231005,70.36909,53.67079,40.69974
20-Sep-23,0.57378,7.56848,6.66588,90.97656,90.97656,-0.49337,321.67212,0.61428,52.8,5.961,5.50405,6.47009,20231005,62.90622,47.39145,35.62671,0.57378,7.56848,6.66588,90.97656,90.97656,0.50442,-328.88203,0.61428,52.8,5.961,5.50405,6.47009,20231005,62.90622,47.39145,35.62671
21-Sep-23,0.65615,9.16749,7.83338,90.07031,90.07031,-0.49322,328.16157,0.613,54.2,6.103,5.64434,6.64115,20231005,68.27066,52.43774,39.95483,0.65615,9.16749,7.83338,90.07031,90.07031,0.50472,-335.80988,0.613,54.2,6.103,5.64434,6.64115,20231005,68.27066,52.43774,39.95483
22-Sep-23,0.6218,9.13472,7.86647,90.28125,90.28125,-0.49389,326.82072,0.57855,54.7,6.072,5.60993,6.57094,20231005,65.19838,49.99195,38.04257,0.6218,9.13472,7.86647,90.28125,90.28125,0.50419,-333.6347,0.57855,54.7,6.072,5.60993,6.57094,20231005,65.19838,49.99195,38.04257
25-Sep-23,0.65854,10.33729,8.70972,89.57812,89.57812,-0.49416,331.61253,0.5529,55.1,6.174,5.72007,6.6536,20231005,67.85662,50.77523,37.97281,0.65854,10.33729,8.70972,89.57812,89.57812,0.50437,-338.46717,0.5529,55.1,6.174,5.72007,6.6536,20231005,67.85662,50.77523,37.97281
26-Sep-23,0.61075,10.27983,8.61397,89.29688,89.29688,-0.49454,332.64933,0.51854,58.5,6.223,5.75692,6.63531,20231005,62.8044,46.02973,33.89538,0.61075,10.27983,8.61397,89.29688,89.29688,0.50413,-339.09762,0.51854,58.5,6.223,5.75692,6.63531,20231005,62.8044,46.02973,33.89538
27-Sep-23,0.63127,11.53944,9.3278,88.79688,88.79688,-0.51058,354.0191,0.50981,60.5,6.248,5.78925,6.62958,20231005,60.93022,44.73983,32.99381,0.63127,11.53944,9.3278,88.79688,88.79688,0.48825,-338.53557,0.50981,60.5,6.248,5.78925,6.62958,20231005,60.93022,44.73983,32.99381
28-Sep-23,0.56425,11.26158,8.91312,89.07812,89.07812,-0.50956,361.99424,0.47764,58,6.228,5.73369,6.64947,20231005,53.25298,38.61654,28.20519,0.56425,11.26158,8.91312,89.07812,89.07812,0.4894,-347.67333,0.47764,58,6.228,5.73369,6.64947,20231005,53.25298,38.61654,28.20519
29-Sep-23,0.54236,12.09719,9.59353,89.10156,89.10156,-0.50875,360.79352,0.42664,61.4,6.247,5.72223,6.5477,20231005,51.3507,38.04091,28.23271,0.54236,12.09719,9.59353,89.10156,89.10156,0.49037,-347.75552,0.42664,61.4,6.247,5.72223,6.5477,20231005,51.3507,38.04091,28.23271
2-Oct-23,0.51245,13.31035,10.39348,88.3125,88.3125,-0.50999,0.03641,0.38756,64.1,6.304,6.07868,6.66816,20231005,46.03408,34.34506,25.62567,0.51245,13.31035,10.39348,88.3125,88.3125,0.48956,-0.03495,0.38756,64.1,6.304,6.07868,6.66816,20231005,46.03408,34.34506,25.62567
3-Oct-23,0.45108,14.52074,11.13208,87.25781,87.25781,-0.49641,0.03566,0.31932,68.5,6.389,6.20944,7.3356,20231005,40.0156,30.19611,22.71575,0.45108,14.52074,11.13208,87.25781,87.25781,0.5033,-0.03616,0.31932,68.5,6.389,6.20944,7.3356,20231005,40.0156,30.19611,22.71575
4-Oct-23,0.22246,10.06311,7.78286,87.80469,87.80469,-0.49281,0.03531,0.18052,65.4,6.35,6.22969,7.54432,20231005,24.8253,18.36471,13.61307,0.22246,10.06311,7.78286,87.80469,87.80469,0.50704,-0.03633,0.18052,65.4,6.35,6.22969,7.54432,20231005,24.8253,18.36471,13.61307
5-Oct-23,1.24812,12.34396,9.64934,88.04297,88.04297,-0.4721,0.03356,0.91519,63.6,6.344,6.22927,7.58853,20231106,125.56782,94.78768,71.29861,1.24812,12.34396,9.64934,88.04297,88.04297,0.52318,-0.03719,0.91519,63.6,6.344,6.22927,7.58853,20231106,125.56782,94.78768,71.29861
6-Oct-23,1.19863,12.18761,9.455,87.73828,87.73828,-0.47173,0.03367,0.88862,61.8,6.346,6.24681,7.43322,20231106,120.90488,91.14054,68.48568,1.19863,12.18761,9.455,87.73828,87.73828,0.5237,-0.03738,0.88862,61.8,6.346,6.24681,7.43322,20231106,120.90488,91.14054,68.48568
10-Oct-23,1.14591,11.85255,9.3292,88.4375,88.4375,-0.47252,0.03351,0.86095,62,6.27,6.20073,7.13363,20231106,117.02725,88.26194,66.34398,1.14591,11.85255,9.3292,88.4375,88.4375,0.52351,-0.03713,0.86095,62,6.27,6.20073,7.13363,20231106,117.02725,88.26194,66.34398
11-Oct-23,1.10633,11.7136,9.28619,88.75,88.75,-0.4728,0.03341,0.86537,63.5,6.208,6.18009,7.10072,20231106,109.62435,82.26446,61.62545,1.10633,11.7136,9.28619,88.75,88.75,0.52337,-0.03698,0.86537,63.5,6.208,6.18009,7.10072,20231106,109.62435,82.26446,61.62545
12-Oct-23,1.08961,11.98108,9.34345,87.92188,87.92188,-0.47228,0.03361,0.84681,66.9,6.321,6.28705,7.1556,20231106,106.76409,79.65969,59.41842,1.08961,11.98108,9.34345,87.92188,87.92188,0.52404,-0.03729,0.84681,66.9,6.321,6.28705,7.1556,20231106,106.76409,79.65969,59.41842
13-Oct-23,1.10963,12.52707,9.85587,88.25781,88.25781,-0.47279,0.03348,0.81772,68.6,6.272,6.20878,6.93168,20231106,109.54915,81.07611,60.12074,1.10963,12.52707,9.85587,88.25781,88.25781,0.52368,-0.03708,0.81772,68.6,6.272,6.20878,6.93168,20231106,109.54915,81.07611,60.12074
16-Oct-23,1.05365,12.35732,9.61232,87.70312,87.70312,-0.47251,0.03363,0.79585,70.9,6.339,6.28666,6.94875,20231106,103.24749,75.77259,55.8306,1.05365,12.35732,9.61232,87.70312,87.70312,0.5244,-0.03732,0.79585,70.9,6.339,6.28666,6.94875,20231106,103.24749,75.77259,55.8306
17-Oct-23,1.02304,12.54384,9.58613,86.82031,86.82031,-0.47194,0.03384,0.77444,73.3,6.388,6.39067,6.87811,20231106,98.8766,72.70795,53.65597,1.02304,12.54384,9.58613,86.82031,86.82031,0.52511,-0.03766,0.77444,73.3,6.388,6.39067,6.87811,20231106,98.8766,72.70795,53.65597
18-Oct-23,0.97713,12.50218,9.4733,86.32812,86.32812,-0.47179,0.03393,0.74807,76,6.397,6.4704,6.87321,20231106,93.9944,69.90784,52.0369,0.97713,12.50218,9.4733,86.32812,86.32812,0.52541,-0.03778,0.74807,76,6.397,6.4704,6.87321,20231106,93.9944,69.90784,52.0369
19-Oct-23,1.0096,13.53138,10.15593,85.76562,85.76562,-0.47186,0.03403,0.72126,77.9,6.448,6.63398,6.85089,20231106,96.59851,71.70716,53.28909,1.0096,13.53138,10.15593,85.76562,85.76562,0.52549,-0.0379,0.72126,77.9,6.448,6.63398,6.85089,20231106,96.59851,71.70716,53.28909
20-Oct-23,1.00235,14.01414,10.55969,85.85938,85.85938,-0.47253,0.03399,0.68855,81.8,6.469,6.64965,6.67499,20231106,96.56299,72.45512,54.26431,1.00235,14.01414,10.55969,85.85938,85.85938,0.52497,-0.03776,0.68855,81.8,6.469,6.64965,6.67499,20231106,96.56299,72.45512,54.26431
23-Oct-23,0.91955,13.42181,10.19123,86.21875,86.21875,-0.47363,0.03395,0.65996,85.8,6.472,6.55308,6.6339,20231106,88.50656,66.36677,49.68324,0.91955,13.42181,10.19123,86.21875,86.21875,0.5243,-0.03758,0.65996,85.8,6.472,6.55308,6.6339,20231106,88.50656,66.36677,49.68324
24-Oct-23,0.85157,13.06673,9.94168,86.4375,86.4375,-0.47465,0.03404,0.62583,83.2,6.46,6.48728,6.65996,20231106,81.9188,61.32304,45.85817,0.85157,13.06673,9.94168,86.4375,86.4375,0.52343,-0.03753,0.62583,83.2,6.46,6.48728,6.65996,20231106,81.9188,61.32304,45.85817
25-Oct-23,0.83389,13.68715,10.26956,85.69531,85.69531,-0.47583,0.0343,0.59267,84.5,6.532,6.56094,6.64473,20231106,79.45992,59.47267,44.46386,0.83389,13.68715,10.26956,85.69531,85.69531,0.5224,-0.03766,0.59267,84.5,6.532,6.56094,6.64473,20231106,79.45992,59.47267,44.46386
26-Oct-23,0.78481,13.6359,10.37904,86.53125,86.53125,-0.47788,0.03429,0.55183,81.4,6.484,6.49039,6.85053,20231106,75.56184,56.05377,41.62824,0.78481,13.6359,10.37904,86.53125,86.53125,0.52049,-0.03735,0.55183,81.4,6.484,6.49039,6.85053,20231106,75.56184,56.05377,41.62824
27-Oct-23,0.76021,14.27245,10.8594,86.48438,86.48438,-0.47993,0.03443,0.51014,82.6,6.525,6.49972,6.84052,20231106,73.31018,54.67267,40.75574,0.76021,14.27245,10.8594,86.48438,86.48438,0.5186,-0.03721,0.51014,82.6,6.525,6.49972,6.84052,20231106,73.31018,54.67267,40.75574
30-Oct-23,0.70777,14.56279,11.05682,86.40625,86.40625,-0.48209,0.03463,0.46643,82.5,6.507,6.50217,6.76605,20231106,68.14956,50.92563,38.01782,0.70777,14.56279,11.05682,86.40625,86.40625,0.51688,-0.03713,0.46643,82.5,6.507,6.50217,6.76605,20231106,68.14956,50.92563,38.01782
31-Oct-23,0.60036,13.79506,10.47993,86.49219,86.49219,-0.48426,0.0348,0.41673,81.9,6.515,6.47659,6.81068,20231106,57.80881,43.4195,32.54162,0.60036,13.79506,10.47993,86.49219,86.49219,0.51486,-0.037,0.41673,81.9,6.515,6.47659,6.81068,20231106,57.80881,43.4195,32.54162
1-Nov-23,0.46613,12.24084,9.42381,87.375,87.375,-0.49021,0.03512,0.35931,74.7,6.498,6.48273,7.04878,20231106,45.28325,33.93714,25.38726,0.46613,12.24084,9.42381,87.375,87.375,0.50906,-0.03647,0.35931,74.7,6.498,6.48273,7.04878,20231106,45.28325,33.93714,25.38726
2-Nov-23,0.3551,11.32003,8.84461,88.14062,88.14062,-0.4924,0.03506,0.23903,72.9,6.377,6.3657,6.8075,20231106,42.20928,31.97485,24.11406,0.3551,11.32003,8.84461,88.14062,88.14062,0.50701,-0.0361,0.23903,72.9,6.377,6.3657,6.8075,20231106,42.20928,31.97485,24.11406
3-Nov-23,0.21315,9.51338,7.55829,89.01562,89.01562,-0.49485,0.035,0.16916,69,6.321,6.30664,6.87868,20231106,25.68714,19.18745,14.32039,0.21315,9.51338,7.55829,89.01562,89.01562,0.50471,-0.03569,0.16916,69,6.321,6.30664,6.87868,20231106,25.68714,19.18745,14.32039
6-Nov-23,1.05635,10.39974,8.20624,88.41797,88.41797,-0.47913,0.03389,0.85788,71.4,6.397,6.34999,6.82446,20231206,113.93671,85.52398,64.01663,1.05635,10.39974,8.20624,88.41797,88.41797,0.51645,-0.03653,0.85788,71.4,6.397,6.34999,6.82446,20231206,113.93671,85.52398,64.01663
7-Nov-23,1.00294,10.05143,8.03468,88.98828,88.98828,-0.47957,0.0337,0.83193,71.1,6.324,6.27745,6.87354,20231206,109.3519,81.9686,61.29631,1.00294,10.05143,8.03468,88.98828,88.98828,0.51616,-0.03627,0.83193,71.1,6.324,6.27745,6.87354,20231206,109.3519,81.9686,61.29631
8-Nov-23,0.97088,9.94514,8.00486,89.3125,89.3125,-0.47981,0.03361,0.80838,70.9,6.263,6.26516,7.03295,20231206,106.35887,79.84982,59.7888,0.97088,9.94514,8.00486,89.3125,89.3125,0.51607,-0.03614,0.80838,70.9,6.263,6.26516,7.03295,20231206,106.35887,79.84982,59.7888
9-Nov-23,0.96122,10.20191,8.06867,88.54688,88.54688,-0.47923,0.03387,0.79382,72.7,6.335,5.94252,6.9725,20231206,103.83448,78.06642,58.51491,0.96122,10.20191,8.06867,88.54688,88.54688,0.51679,-0.03652,0.79382,72.7,6.335,5.94252,6.9725,20231206,103.83448,78.06642,58.51491
10-Nov-23,0.95062,10.3877,8.20618,88.48438,88.48438,-0.47925,0.03388,0.77186,73.2,6.305,5.93464,6.90171,20231206,102.5724,76.91501,57.54907,0.95062,10.3877,8.20618,88.48438,88.48438,0.51692,-0.03655,0.77186,73.2,6.305,5.93464,6.90171,20231206,102.5724,76.91501,57.54907
13-Nov-23,0.93658,10.54552,8.32482,88.47656,88.47656,-0.47986,0.03395,0.74895,72.1,6.3,5.90241,7.02714,20231206,101.01402,75.79978,56.74118,0.93658,10.54552,8.32482,88.47656,88.47656,0.51675,-0.03656,0.74895,72.1,6.3,5.90241,7.02714,20231206,101.01402,75.79978,56.74118
14-Nov-23,0.84545,9.6638,7.85774,90,90,-0.48054,0.03357,0.71621,63.3,6.168,5.80822,7.22791,20231206,93.27955,69.90903,52.26833,0.84545,9.6638,7.85774,90,90,0.51622,-0.03607,0.71621,63.3,6.168,5.80822,7.22791,20231206,93.27955,69.90903,52.26833
15-Nov-23,0.82175,9.79852,7.84671,89.28906,89.28906,-0.48015,0.03379,0.69729,67.2,6.255,5.85338,7.25851,20231206,89.62281,66.61614,49.50791,0.82175,9.79852,7.84671,89.28906,89.28906,0.51676,-0.03637,0.69729,67.2,6.255,5.85338,7.25851,20231206,89.62281,66.61614,49.50791
16-Nov-23,0.76998,9.45442,7.67947,89.96875,89.96875,-0.48052,0.03359,0.66764,64.3,6.192,6.06741,7.19308,20231206,84.93596,63.2181,47.0261,0.76998,9.45442,7.67947,89.96875,89.96875,0.51653,-0.03611,0.66764,64.3,6.192,6.06741,7.19308,20231206,84.93596,63.2181,47.0261
17-Nov-23,0.74649,9.52059,7.7487,90.14062,90.14062,-0.48067,0.0336,0.64133,61.8,6.149,6.01381,7.14957,20231206,82.31302,61.45398,45.82449,0.74649,9.52059,7.7487,90.14062,90.14062,0.51653,-0.03611,0.64133,61.8,6.149,6.01381,7.14957,20231206,82.31302,61.45398,45.82449
20-Nov-23,0.68714,9.14767,7.4572,90.15625,90.15625,-0.48113,0.03359,0.61326,63.8,6.139,5.99767,7.25462,20231206,75.98671,56.88706,42.50316,0.68714,9.14767,7.4572,90.15625,90.15625,0.51651,-0.03606,0.61326,63.8,6.139,5.99767,7.25462,20231206,75.98671,56.88706,42.50316
21-Nov-23,0.64739,9.02369,7.36537,90.29688,90.29688,-0.48167,0.03363,0.58468,62,6.14,5.99601,7.36425,20231206,71.63296,54.07592,40.64431,0.64739,9.02369,7.36537,90.29688,90.29688,0.51612,-0.03604,0.58468,62,6.14,5.99601,7.36425,20231206,71.63296,54.07592,40.64431
22-Nov-23,0.59671,8.77269,7.15143,90.22656,90.22656,-0.48244,0.0337,0.55504,63.8,6.134,5.98419,7.40414,20231206,65.98746,49.67839,37.26944,0.59671,8.77269,7.15143,90.22656,90.22656,0.5155,-0.03601,0.55504,63.8,6.134,5.98419,7.40414,20231206,65.98746,49.67839,37.26944
24-Nov-23,0.58362,9.14875,7.37803,89.72656,89.72656,-0.48347,0.03395,0.52584,66.5,6.214,5.97174,7.39907,20231206,64.03574,48.75449,36.86962,0.58362,9.14875,7.37803,89.72656,89.72656,0.51476,-0.03615,0.52584,66.5,6.214,5.97174,7.39907,20231206,64.03574,48.75449,36.86962
27-Nov-23,0.52384,8.71641,7.13166,90.32812,90.32812,-0.48518,0.03381,0.4881,65.3,6.11,5.90703,7.28029,20231206,58.21827,44.47666,33.71212,0.52384,8.71641,7.13166,90.32812,90.32812,0.51349,-0.03578,0.4881,65.3,6.11,5.90703,7.28029,20231206,58.21827,44.47666,33.71212
28-Nov-23,0.48821,8.73457,7.21703,90.72656,90.72656,-0.48684,0.03374,0.44902,64.6,6.096,5.90191,7.26468,20231206,54.80454,41.98091,31.87461,0.48821,8.73457,7.21703,90.72656,90.72656,0.51198,-0.03548,0.44902,64.6,6.096,5.90191,7.26468,20231206,54.80454,41.98091,31.87461
29-Nov-23,0.4353,8.48758,7.09847,91.17969,91.17969,-0.48855,0.03362,0.40728,64.9,6.042,5.87408,7.29757,20231206,49.42593,37.95148,28.86116,0.4353,8.48758,7.09847,91.17969,91.17969,0.51042,-0.03512,0.40728,64.9,6.042,5.87408,7.29757,20231206,49.42593,37.95148,28.86116
30-Nov-23,0.39395,8.62071,7.11979,90.82031,90.82031,-0.48988,0.034,0.36728,64.4,6.143,5.9126,7.13729,20231206,44.19022,34.02413,25.92307,0.39395,8.62071,7.11979,90.82031,90.82031,0.50924,-0.03535,0.36728,64.4,6.143,5.9126,7.13729,20231206,44.19022,34.02413,25.92307
1-Dec-23,0.37942,9.48791,8.01411,91.75781,91.75781,-0.49213,0.03374,0.31401,59.7,6.008,5.83057,7.03093,20231206,43.38022,34.48924,26.83968,0.37942,9.48791,8.01411,91.75781,91.75781,0.50713,-0.03477,0.31401,59.7,6.008,5.83057,7.03093,20231206,43.38022,34.48924,26.83968
4-Dec-23,0.29125,8.96092,7.48709,91.29688,91.29688,-0.49778,0.03433,0.24532,63.2,6.09,5.86288,7.08875,20231206,34.68821,27.52939,21.40434,0.29125,8.96092,7.48709,91.29688,91.29688,0.50193,-0.03462,0.24532,63.2,6.09,5.86288,7.08875,20231206,34.68821,27.52939,21.40434
5-Dec-23,0.19769,8.5391,7.27653,91.95312,91.95312,-0.49881,0.03397,0.17149,63.3,5.945,5.78379,6.89594,20231206,23.9809,18.74054,14.42129,0.19769,8.5391,7.27653,91.95312,91.95312,0.50104,-0.03413,0.17149,63.3,5.945,5.78379,6.89594,20231206,23.9809,18.74054,14.42129
6-Dec-23,1.00912,9.28724,8.08571,92.46484,92.46484,-0.49284,0.03304,0.78683,60.5,5.83,5.69854,6.93628,20240109,124.01174,97.7521,75.60768,1.00912,9.28724,8.08571,92.46484,92.46484,0.50213,-0.03366,0.78683,60.5,5.83,5.69854,6.93628,20240109,124.01174,97.7521,75.60768
7-Dec-23,1.02431,9.64175,8.3961,92.51953,92.51953,-0.50093,0.03359,0.76468,59.6,5.859,5.71189,6.93472,20240109,126.19752,99.74508,77.28382,1.02431,9.64175,8.3961,92.51953,92.51953,0.49419,-0.03314,0.76468,59.6,5.859,5.71189,6.93472,20240109,126.19752,99.74508,77.28382
8-Dec-23,0.97822,9.48027,8.09287,92.06641,92.06641,-0.49986,0.03403,0.75811,56.1,5.896,5.72753,6.59341,20240109,117.98812,92.14118,70.84827,0.97822,9.48027,8.09287,92.06641,92.06641,0.4954,-0.03372,0.75811,56.1,5.896,5.72753,6.59341,20240109,117.98812,92.14118,70.84827
11-Dec-23,0.94235,9.3765,7.99503,91.96094,91.96094,-0.5,0.03404,0.73947,59.5,5.828,5.74199,6.60369,20240109,113.6905,88.23483,67.56525,0.94235,9.3765,7.99503,91.96094,91.96094,0.4957,-0.03374,0.73947,59.5,5.828,5.74199,6.60369,20240109,113.6905,88.23483,67.56525
12-Dec-23,0.85284,8.69559,7.44957,92.1875,92.1875,-0.49986,0.03395,0.71897,58.3,5.764,5.70326,6.58656,20240109,103.28883,79.99831,61.17275,0.85284,8.69559,7.44957,92.1875,92.1875,0.49599,-0.03369,0.71897,58.3,5.764,5.70326,6.58656,20240109,103.28883,79.99831,61.17275
13-Dec-23,0.8067,8.34149,7.39366,93.52344,93.52344,-0.5008,0.03335,0.68541,49.9,5.516,5.59729,6.71675,20240109,100.56272,78.78475,60.69803,0.8067,8.34149,7.39366,93.52344,93.52344,0.4952,-0.03298,0.68541,49.9,5.516,5.59729,6.71675,20240109,100.56272,78.78475,60.69803
14-Dec-23,0.7853,8.3133,7.53894,94.14844,94.14844,-0.50156,0.03287,0.65472,51.9,5.393,5.58046,6.37129,20240109,100.00382,79.54961,61.88232,0.7853,8.3133,7.53894,94.14844,94.14844,0.49459,-0.03241,0.65472,51.9,5.393,5.58046,6.37129,20240109,100.00382,79.54961,61.88232
15-Dec-23,0.76775,8.40884,7.61796,93.96875,93.96875,-0.50157,0.03284,0.63361,56.5,5.42,5.575,6.27267,20240109,97.82264,78.02747,60.80354,0.76775,8.40884,7.61796,93.96875,93.96875,0.49472,-0.03239,0.63361,56.5,5.42,5.575,6.27267,20240109,97.82264,78.02747,60.80354
18-Dec-23,0.73253,8.32034,7.48238,93.75,93.75,-0.50135,0.03299,0.61569,58.4,5.491,5.57866,6.25749,20240109,92.77191,74.06207,57.73997,0.73253,8.32034,7.48238,93.75,93.75,0.49539,-0.0326,0.61569,58.4,5.491,5.57866,6.25749,20240109,92.77191,74.06207,57.73997
19-Dec-23,0.69643,8.19406,7.41798,93.90625,93.90625,-0.50142,0.03283,0.59069,57.8,5.408,5.57173,6.27377,20240109,88.78306,70.36171,54.61307,0.69643,8.19406,7.41798,93.90625,93.90625,0.49546,-0.03244,0.59069,57.8,5.408,5.57173,6.27377,20240109,88.78306,70.36171,54.61307
20-Dec-23,0.65872,8.03953,7.34892,94.21094,94.21094,-0.50154,0.03263,0.56417,56.6,5.36,5.54984,6.26726,20240109,84.76385,66.75261,51.5849,0.65872,8.03953,7.34892,94.21094,94.21094,0.4955,-0.03223,0.56417,56.6,5.36,5.54984,6.26726,20240109,84.76385,66.75261,51.5849
21-Dec-23,0.64186,8.17548,7.46003,94.27344,94.27344,-0.50148,0.0327,0.54132,54.5,5.395,5.5704,6.22373,20240109,82.38781,65.06084,50.36067,0.64186,8.17548,7.46003,94.27344,94.27344,0.49571,-0.03233,0.54132,54.5,5.395,5.5704,6.22373,20240109,82.38781,65.06084,50.36067
22-Dec-23,0.62514,8.343,7.59656,94.35156,94.35156,-0.50142,0.0328,0.51805,50.8,5.379,5.56162,6.14003,20240109,79.96673,63.28159,49.05024,0.62514,8.343,7.59656,94.35156,94.35156,0.49591,-0.03244,0.51805,50.8,5.379,5.56162,6.14003,20240109,79.96673,63.28159,49.05024
26-Dec-23,0.56631,7.95076,7.26419,94.48438,94.48438,-0.50157,0.03274,0.49107,49.4,5.327,5.56168,6.03522,20240109,72.647,57.52856,44.62144,0.56631,7.95076,7.26419,94.48438,94.48438,0.49636,-0.0324,0.49107,49.4,5.327,5.56168,6.03522,20240109,72.647,57.52856,44.62144
27-Dec-23,0.52807,7.81714,7.29344,95.03125,95.03125,-0.50214,0.03228,0.45622,46.3,5.125,5.4329,5.98017,20240109,69.08247,54.84063,42.59198,0.52807,7.81714,7.29344,95.03125,95.03125,0.49593,-0.03188,0.45622,46.3,5.125,5.4329,5.98017,20240109,69.08247,54.84063,42.59198
28-Dec-23,0.51359,8.15871,7.50918,94.65625,94.65625,-0.50202,0.03259,0.43063,49.1,5.247,5.51332,5.986,20240109,66.36972,52.9477,41.24942,0.51359,8.15871,7.50918,94.65625,94.65625,0.4962,-0.03221,0.43063,49.1,5.247,5.51332,5.986,20240109,66.36972,52.9477,41.24942
29-Dec-23,0.49364,8.46751,7.79268,94.67188,94.67188,-0.50221,0.03261,0.39925,49.3,5.27,5.50493,5.95865,20240109,63.81625,51.09221,39.89183,0.49364,8.46751,7.79268,94.67188,94.67188,0.49616,-0.03222,0.39925,49.3,5.27,5.50493,5.95865,20240109,63.81625,51.09221,39.89183
2-Jan-24,0.45169,8.53933,7.71914,94.03906,94.03906,-0.50209,0.03297,0.36886,51.3,5.273,5.60674,6.15396,20240109,57.52418,45.9989,35.90588,0.45169,8.53933,7.71914,94.03906,94.03906,0.49688,-0.03263,0.36886,51.3,5.273,5.60674,6.15396,20240109,57.52418,45.9989,35.90588
3-Jan-24,0.40507,8.55077,7.76353,94.14844,94.14844,-0.50218,0.03287,0.32894,49.1,5.181,5.56851,5.98833,20240109,51.81313,41.35973,32.24184,0.40507,8.55077,7.76353,94.14844,94.14844,0.49694,-0.03253,0.32894,49.1,5.181,5.56851,5.98833,20240109,51.81313,41.35973,32.24184
4-Jan-24,0.39323,9.64353,8.57259,93.5625,93.5625,-0.50202,0.03335,0.28853,50.6,5.344,5.64629,5.97131,20240109,49.32003,39.36583,30.68895,0.39323,9.64353,8.57259,93.5625,93.5625,0.49724,-0.03303,0.28853,50.6,5.344,5.64629,5.97131,20240109,49.32003,39.36583,30.68895
5-Jan-24,0.27803,8.35437,7.36826,93.50781,93.50781,-0.50126,0.03354,0.23783,47.4,5.374,5.68341,5.89338,20240109,34.55961,27.05413,20.82903,0.27803,8.35437,7.36826,93.50781,93.50781,0.49815,-0.03334,0.23783,47.4,5.374,5.68341,5.89338,20240109,34.55961,27.05413,20.82903
8-Jan-24,0.17958,7.60228,6.73895,93.82031,93.82031,-0.50102,0.03347,0.16817,43.4,5.311,5.64554,5.87057,20240109,22.38573,17.37078,13.29722,0.17958,7.60228,6.73895,93.82031,93.82031,0.49884,-0.03332,0.16817,43.4,5.311,5.64554,5.87057,20240109,22.38573,17.37078,13.29722
9-Jan-24,0.80991,7.90782,7.04421,93.69922,93.69922,-0.50092,0.03326,0.72231,46.4,5.361,5.65807,5.90586,20240206,101.42886,79.49221,61.25038,0.80991,7.90782,7.04421,93.69922,93.69922,0.49495,-0.03286,0.72231,46.4,5.361,5.65807,5.90586,20240206,101.42886,79.49221,61.25038
10-Jan-24,0.7814,7.84187,6.9699,93.64453,93.64453,-0.50073,0.0333,0.70455,46.5,5.348,5.66286,6.26543,20240206,97.6903,76.7744,59.2619,0.7814,7.84187,6.9699,93.64453,93.64453,0.49529,-0.03294,0.70455,46.5,5.348,5.66286,6.26543,20240206,97.6903,76.7744,59.2619
11-Jan-24,0.71532,7.34801,6.61312,94.125,94.125,-0.5008,0.03306,0.68036,45.1,5.28,5.61845,6.31444,20240206,90.45496,71.33537,55.17351,0.71532,7.34801,6.61312,94.125,94.125,0.49537,-0.0327,0.68036,45.1,5.28,5.61845,6.31444,20240206,90.45496,71.33537,55.17351
12-Jan-24,0.71751,7.56858,6.87006,94.46875,94.46875,-0.50111,0.03292,0.65689,43.2,5.274,5.61297,6.3343,20240206,91.39773,73.96597,58.15611,0.71751,7.56858,6.87006,94.46875,94.46875,0.49521,-0.03253,0.65689,43.2,5.274,5.61297,6.3343,20240206,91.39773,73.96597,58.15611
16-Jan-24,0.6979,7.66329,6.78387,93.67188,93.67188,-0.50055,0.03343,0.64708,48.5,5.525,5.74252,5.99503,20240206,86.96295,70.198,55.13837,0.6979,7.66329,6.78387,93.67188,93.67188,0.49636,-0.03315,0.64708,48.5,5.525,5.74252,5.99503,20240206,86.96295,70.198,55.13837
17-Jan-24,0.66309,7.57218,6.62476,93.21875,93.21875,-0.50012,0.03363,0.6297,51,5.544,5.74498,6.18744,20240206,81.76913,65.09035,50.6748,0.66309,7.57218,6.62476,93.21875,93.21875,0.49693,-0.03342,0.6297,51,5.544,5.74498,6.18744,20240206,81.76913,65.09035,50.6748
18-Jan-24,0.65327,7.75735,6.73398,93.01562,93.01562,-0.49991,0.03381,0.61049,49.8,5.59,5.81005,6.1987,20240206,79.96819,63.06553,48.79762,0.65327,7.75735,6.73398,93.01562,93.01562,0.49728,-0.03363,0.61049,49.8,5.59,5.81005,6.1987,20240206,79.96819,63.06553,48.79762
19-Jan-24,0.63767,7.88015,6.82917,93.01562,93.01562,-0.49986,0.03386,0.58761,47.7,5.541,5.80392,6.17412,20240206,77.83382,61.52599,47.68626,0.63767,7.88015,6.82917,93.01562,93.01562,0.49749,-0.0337,0.58761,47.7,5.541,5.80392,6.17412,20240206,77.83382,61.52599,47.68626
22-Jan-24,0.58704,7.55346,6.59771,93.26562,93.26562,-0.50013,0.03371,0.56021,47.9,5.509,5.76743,6.13702,20240206,72.21043,56.97377,44.09618,0.58704,7.55346,6.59771,93.26562,93.26562,0.49765,-0.03354,0.56021,47.9,5.509,5.76743,6.13702,20240206,72.21043,56.97377,44.09618
23-Jan-24,0.57342,7.75917,6.71696,93,93,-0.5,0.0339,0.53764,48.1,5.581,5.81598,6.12716,20240206,69.97397,55.1365,42.64778,0.57342,7.75917,6.71696,93,93,0.49794,-0.03376,0.53764,48.1,5.581,5.81598,6.12716,20240206,69.97397,55.1365,42.64778
24-Jan-24,0.5416,7.74607,6.65324,92.73438,92.73438,-0.49988,0.03407,0.51261,48.8,5.633,5.8498,6.14973,20240206,65.64865,51.70252,39.97766,0.5416,7.74607,6.65324,92.73438,92.73438,0.4982,-0.03395,0.51261,48.8,5.633,5.8498,6.14973,20240206,65.64865,51.70252,39.97766
25-Jan-24,0.51288,7.74577,6.71555,93.13281,93.13281,-0.50022,0.03392,0.48119,46.5,5.55,5.80505,6.24454,20240206,62.65224,49.24175,38.01399,0.51288,7.74577,6.71555,93.13281,93.13281,0.49801,-0.03377,0.48119,46.5,5.55,5.80505,6.24454,20240206,62.65224,49.24175,38.01399
26-Jan-24,0.47639,7.70266,6.64647,92.98438,92.98438,-0.50021,0.03402,0.45143,46.8,5.565,5.79645,6.24311,20240206,57.91812,46.15704,35.9618,0.47639,7.70266,6.64647,92.98438,92.98438,0.49817,-0.03388,0.45143,46.8,5.565,5.79645,6.24311,20240206,57.91812,46.15704,35.9618
29-Jan-24,0.45286,7.873,6.87807,93.36719,93.36719,-0.50083,0.03378,0.41479,46,5.478,5.73816,6.36051,20240206,55.70726,44.3017,34.46284,0.45286,7.873,6.87807,93.36719,93.36719,0.49799,-0.03359,0.41479,46,5.478,5.73816,6.36051,20240206,55.70726,44.3017,34.46284
30-Jan-24,0.41447,7.87027,6.91679,93.625,93.625,-0.50104,0.03369,0.37781,44,5.383,5.661,6.39936,20240206,51.17047,40.82256,31.82967,0.41447,7.87027,6.91679,93.625,93.625,0.49793,-0.03348,0.37781,44,5.383,5.661,6.39936,20240206,51.17047,40.82256,31.82967
31-Jan-24,0.38206,8.05551,7.21708,94.25781,94.25781,-0.50153,0.03331,0.33346,41.8,5.263,5.5888,6.42046,20240206,48.02674,39.24054,31.04681,0.38206,8.05551,7.21708,94.25781,94.25781,0.49758,-0.03304,0.33346,41.8,5.263,5.5888,6.42046,20240206,48.02674,39.24054,31.04681
1-Feb-24,0.34716,8.41041,7.67909,94.71094,94.71094,-0.50202,0.03287,0.28364,41.6,5.106,5.48594,5.9898,20240206,44.4473,35.78691,28.0462,0.34716,8.41041,7.67909,94.71094,94.71094,0.49724,-0.03256,0.28364,41.6,5.106,5.48594,5.9898,20240206,44.4473,35.78691,28.0462
2-Feb-24,0.25034,7.5161,6.61352,93.58594,93.58594,-0.50096,0.03363,0.23884,45.9,5.38,5.65361,6.15094,20240206,30.97931,24.78349,19.35379,0.25034,7.5161,6.61352,93.58594,93.58594,0.49845,-0.03346,0.23884,45.9,5.38,5.65361,6.15094,20240206,30.97931,24.78349,19.35379
5-Feb-24,0.17897,7.66594,6.58101,92.72656,92.72656,-0.5007,0.03414,0.17162,50,5.566,5.7724,6.12186,20240206,21.6759,17.08296,13.21832,0.17897,7.66594,6.58101,92.72656,92.72656,0.49916,-0.03403,0.17162,50,5.566,5.7724,6.12186,20240206,21.6759,17.08296,13.21832
6-Feb-24,0.79461,7.59652,6.66983,93.28516,93.28516,-0.50021,0.03355,0.74867,47.6,5.433,5.69885,6.27107,20240306,98.14831,77.75936,60.35958,0.79461,7.59652,6.66983,93.28516,93.28516,0.49552,-0.03323,0.74867,47.6,5.433,5.69885,6.27107,20240306,98.14831,77.75936,60.35958
7-Feb-24,0.77492,7.61592,6.65698,93.08594,93.08594,-0.50009,0.03362,0.73168,49.6,5.482,5.98445,6.54697,20240306,95.41789,75.41061,58.42912,0.77492,7.61592,6.65698,93.08594,93.08594,0.49579,-0.03333,0.73168,49.6,5.482,5.98445,6.54697,20240306,95.41789,75.41061,58.42912
8-Feb-24,0.76404,7.74652,6.67732,92.69141,92.69141,-0.49961,0.03391,0.71925,49.1,5.554,5.97788,6.47862,20240306,92.85236,73.77301,57.36621,0.76404,7.74652,6.67732,92.69141,92.69141,0.49642,-0.03369,0.71925,49.1,5.554,5.97788,6.47862,20240306,92.85236,73.77301,57.36621
9-Feb-24,0.73512,7.675,6.62655,92.60938,92.60938,-0.49741,0.03368,0.69798,48.7,5.522,5.97633,6.47613,20240306,89.51487,71.31985,55.56561,0.73512,7.675,6.62655,92.60938,92.60938,0.49877,-0.03377,0.69798,48.7,5.522,5.97633,6.47613,20240306,89.51487,71.31985,55.56561
12-Feb-24,0.68529,7.36794,6.89525,92.65625,92.65625,-0.50025,0.03126,0.65977,49.2,5.512,5.96981,6.38574,20240306,85.2699,67.73248,52.66535,0.68529,7.36794,6.89525,92.65625,92.65625,0.49637,-0.03102,0.65977,49.2,5.512,5.96981,6.38574,20240306,85.2699,67.73248,52.66535
13-Feb-24,0.68851,7.73884,7.03218,91.52344,91.52344,-0.49915,0.03173,0.65066,53.5,5.659,6.07066,6.51009,20240306,83.5143,65.50719,50.54029,0.68851,7.73884,7.03218,91.52344,91.52344,0.49761,-0.03164,0.65066,53.5,5.659,6.07066,6.51009,20240306,83.5143,65.50719,50.54029
14-Feb-24,0.6568,7.60791,6.97151,91.91406,91.91406,-0.4994,0.03162,0.62638,50.7,5.607,6.05881,6.55801,20240306,80.22677,63.85216,49.73725,0.6568,7.60791,6.97151,91.91406,91.91406,0.49751,-0.0315,0.62638,50.7,5.607,6.05881,6.55801,20240306,80.22677,63.85216,49.73725
15-Feb-24,0.62404,7.47036,6.88699,92.28125,92.28125,-0.49949,0.03156,0.60269,46.2,5.529,5.98598,6.57154,20240306,76.47899,60.99458,47.55215,0.62404,7.47036,6.88699,92.28125,92.28125,0.49756,-0.03144,0.60269,46.2,5.529,5.98598,6.57154,20240306,76.47899,60.99458,47.55215
16-Feb-24,0.63423,7.93473,7.24606,91.89062,91.89062,-0.4993,0.03171,0.5822,47.8,5.579,5.99755,6.58836,20240306,77.09056,61.37322,47.80727,0.63423,7.93473,7.24606,91.89062,91.89062,0.49791,-0.03162,0.5822,47.8,5.579,5.99755,6.58836,20240306,77.09056,61.37322,47.80727
20-Feb-24,0.57524,7.50016,6.86618,92.03906,92.03906,-0.49205,0.03122,0.55943,48,5.572,5.99731,6.59379,20240306,69.98338,56.469,44.36455,0.57524,7.50016,6.86618,92.03906,92.03906,0.50574,-0.03209,0.55943,48,5.572,5.99731,6.59379,20240306,69.98338,56.469,44.36455
21-Feb-24,0.5412,7.4331,6.74137,91.625,91.625,-0.49199,0.03137,0.53652,51.6,5.665,6.03981,6.6649,20240306,65.40105,52.7323,41.42438,0.5412,7.4331,6.74137,91.625,91.625,0.50594,-0.03226,0.53652,51.6,5.665,6.03981,6.6649,20240306,65.40105,52.7323,41.42438
22-Feb-24,0.51626,7.47745,6.77335,91.57031,91.57031,-0.49239,0.03142,0.50946,52,5.627,6.00499,6.68177,20240306,62.30632,50.08976,39.26149,0.51626,7.47745,6.77335,91.57031,91.57031,0.50569,-0.03227,0.50946,52,5.627,6.00499,6.68177,20240306,62.30632,50.08976,39.26149
23-Feb-24,0.46942,7.17614,6.57344,92.00781,92.00781,-0.49319,0.03127,0.45926,50.8,5.519,5.93196,6.6834,20240306,59.43824,48.23838,38.03557,0.46942,7.17614,6.57344,92.00781,92.00781,0.50504,-0.03202,0.45926,50.8,5.519,5.93196,6.6834,20240306,59.43824,48.23838,38.03557
26-Feb-24,0.43133,7.06819,6.43305,91.71875,91.71875,-0.49376,0.03141,0.43131,53.8,5.602,5.95084,6.63835,20240306,54.37351,44.11563,34.78194,0.43133,7.06819,6.43305,91.71875,91.71875,0.50491,-0.03212,0.43131,53.8,5.602,5.95084,6.63835,20240306,54.37351,44.11563,34.78194
27-Feb-24,0.40182,7.12207,6.4603,91.57812,91.57812,-0.49438,0.0315,0.39986,55.2,5.634,5.99607,6.64673,20240306,50.54819,41.00075,32.32098,0.40182,7.12207,6.4603,91.57812,91.57812,0.50444,-0.03215,0.39986,55.2,5.634,5.99607,6.64673,20240306,50.54819,41.00075,32.32098
28-Feb-24,0.34848,6.74038,6.15588,91.91406,91.91406,-0.49513,0.03145,0.36434,52.7,5.56,5.97347,6.72643,20240306,44.0784,35.60565,27.99981,0.34848,6.74038,6.15588,91.91406,91.91406,0.50383,-0.03201,0.36434,52.7,5.56,5.97347,6.72643,20240306,44.0784,35.60565,27.99981
29-Feb-24,0.30599,6.61444,6.19069,91.9375,91.9375,-0.49015,0.03039,0.31852,54,5.55,5.9572,6.68341,20240306,39.65469,32.03129,25.17787,0.30599,6.61444,6.19069,91.9375,91.9375,0.50897,-0.03156,0.31852,54,5.55,5.9572,6.68341,20240306,39.65469,32.03129,25.17787
1-Mar-24,0.29295,7.27666,6.89655,92.375,92.375,-0.49225,0.03028,0.27353,52.8,5.479,5.9332,6.64729,20240306,38.42069,31.13815,24.52537,0.29295,7.27666,6.89655,92.375,92.375,0.50701,-0.03119,0.27353,52.8,5.479,5.9332,6.64729,20240306,38.42069,31.13815,24.52537
4-Mar-24,0.2371,7.22684,6.80226,92.15625,92.15625,-0.49396,0.03053,0.22429,53.1,5.515,5.92794,6.91026,20240306,30.90552,24.98588,19.65238,0.2371,7.22684,6.80226,92.15625,92.15625,0.50574,-0.03125,0.22429,53.1,5.515,5.92794,6.91026,20240306,30.90552,24.98588,19.65238
5-Mar-24,0.15102,6.4727,6.18334,92.67188,92.67188,-0.49611,0.03038,0.15728,51.5,5.404,5.85215,6.99016,20240306,19.95368,16.11796,12.67121,0.15102,6.4727,6.18334,92.67188,92.67188,0.50374,-0.03084,0.15728,51.5,5.404,5.85215,6.99016,20240306,19.95368,16.11796,12.67121
6-Mar-24,0.71457,6.85719,6.66651,92.93359,92.93359,-0.48332,0.02916,0.6917,50,5.337,5.85308,7.168,20240404,95.28087,78.09859,62.02308,0.71457,6.85719,6.66651,92.93359,92.93359,0.51242,-0.03092,0.6917,50,5.337,5.85308,7.168,20240404,95.28087,78.09859,62.02308
7-Mar-24,0.69912,6.86577,6.69893,93.15625,93.15625,-0.48357,0.02914,0.67353,46.6,5.303,5.83602,7.19533,20240404,93.44621,76.32352,60.48102,0.69912,6.86577,6.69893,93.15625,93.15625,0.51231,-0.03087,0.67353,46.6,5.303,5.83602,7.19533,20240404,93.44621,76.32352,60.48102
8-Mar-24,0.6622,6.66361,6.51219,93.39062,93.39062,-0.48334,0.02915,0.65643,43.6,5.276,5.82236,7.17389,20240404,88.52098,71.49516,56.26095,0.6622,6.66361,6.51219,93.39062,93.39062,0.51268,-0.03092,0.65643,43.6,5.276,5.82236,7.17389,20240404,88.52098,71.49516,56.26095
11-Mar-24,0.65015,6.74145,6.5589,93.21875,93.21875,-0.48332,0.02923,0.63988,45.7,5.309,5.81908,7.37784,20240404,86.62121,69.28891,54.19452,0.65015,6.74145,6.5589,93.21875,93.21875,0.51315,-0.03103,0.63988,45.7,5.309,5.81908,7.37784,20240404,86.62121,69.28891,54.19452
12-Mar-24,0.60348,6.47195,6.22431,92.89062,92.89062,-0.48258,0.02942,0.62583,47.2,5.386,5.81276,7.34639,20240404,79.61099,62.75258,48.63469,0.60348,6.47195,6.22431,92.89062,92.89062,0.51403,-0.03134,0.62583,47.2,5.386,5.81276,7.34639,20240404,79.61099,62.75258,48.63469
13-Mar-24,0.57132,6.33025,6.05427,92.84375,92.84375,-0.48218,0.02954,0.60921,45.1,5.398,5.82376,7.23002,20240404,74.91999,59.2724,46.05626,0.57132,6.33025,6.05427,92.84375,92.84375,0.51458,-0.03153,0.60921,45.1,5.398,5.82376,7.23002,20240404,74.91999,59.2724,46.05626
14-Mar-24,0.57195,6.61611,6.19711,92.03906,92.03906,-0.48149,0.02986,0.59574,49.2,5.559,5.94962,7.0686,20240404,73.74507,58.46858,45.49045,0.57195,6.61611,6.19711,92.03906,92.03906,0.51541,-0.03197,0.59574,49.2,5.559,5.94962,7.0686,20240404,73.74507,58.46858,45.49045
15-Mar-24,0.55791,6.70079,6.26658,91.97656,91.97656,-0.4815,0.02989,0.57469,49.4,5.547,5.94312,7.02866,20240404,71.81684,57.49147,45.01899,0.55791,6.70079,6.26658,91.97656,91.97656,0.51556,-0.032,0.57469,49.4,5.547,5.94312,7.02866,20240404,71.81684,57.49147,45.01899
18-Mar-24,0.54145,6.78643,6.30156,91.69531,91.69531,-0.48152,0.03001,0.55466,51.1,5.604,5.93794,6.93887,20240404,69.32245,55.5066,43.47466,0.54145,6.78643,6.30156,91.69531,91.69531,0.51597,-0.03216,0.55466,51.1,5.604,5.93794,6.93887,20240404,69.32245,55.5066,43.47466
19-Mar-24,0.50105,6.52666,6.11121,92.14062,92.14062,-0.48194,0.02993,0.52926,46.7,5.525,5.89155,7.06503,20240404,64.53795,51.66313,40.46521,0.50105,6.52666,6.11121,92.14062,92.14062,0.5157,-0.03203,0.52926,46.7,5.525,5.89155,7.06503,20240404,64.53795,51.66313,40.46521
20-Mar-24,0.45325,6.17241,5.80006,92.42188,92.42188,-0.48238,0.02995,0.50419,44.2,5.532,5.89185,7.11771,20240404,58.53085,46.53116,36.2813,0.45325,6.17241,5.80006,92.42188,92.42188,0.51541,-0.032,0.50419,44.2,5.532,5.89185,7.11771,20240404,58.53085,46.53116,36.2813
21-Mar-24,0.41875,6.01113,5.61992,92.40625,92.40625,-0.48314,0.03014,0.48085,44.9,5.527,5.86574,7.00107,20240404,53.82132,42.68835,33.22089,0.41875,6.01113,5.61992,92.40625,92.40625,0.51479,-0.03212,0.48085,44.9,5.527,5.86574,7.00107,20240404,53.82132,42.68835,33.22089
22-Mar-24,0.41666,6.32753,5.96313,92.63281,92.63281,-0.48456,0.03006,0.45075,45.5,5.47,5.80821,6.817,20240404,53.98468,43.0113,33.56815,0.41666,6.32753,5.96313,92.63281,92.63281,0.51352,-0.03186,0.45075,45.5,5.47,5.80821,6.817,20240404,53.98468,43.0113,33.56815
25-Mar-24,0.37469,6.08957,5.70133,92.49219,92.49219,-0.48562,0.03028,0.42378,44.7,5.506,5.82729,6.78216,20240404,48.23979,38.68218,30.31754,0.37469,6.08957,5.70133,92.49219,92.49219,0.5129,-0.03198,0.42378,44.7,5.506,5.82729,6.78216,20240404,48.23979,38.68218,30.31754
26-Mar-24,0.32979,5.77477,5.42949,92.71094,92.71094,-0.48697,0.03031,0.39152,42.6,5.444,5.77883,6.7618,20240404,42.59089,34.10703,26.71833,0.32979,5.77477,5.42949,92.71094,92.71094,0.5117,-0.03185,0.39152,42.6,5.444,5.77883,6.7618,20240404,42.59089,34.10703,26.71833
27-Mar-24,0.29906,5.72404,5.41349,92.89844,92.89844,-0.48856,0.03029,0.35571,43.2,5.4,5.73994,6.66363,20240404,38.8499,31.06605,24.31154,0.29906,5.72404,5.41349,92.89844,92.89844,0.51026,-0.03164,0.35571,43.2,5.4,5.73994,6.66363,20240404,38.8499,31.06605,24.31154
28-Mar-24,0.25635,5.49645,5.18992,92.70312,92.70312,-0.49002,0.03037,0.31833,48,5.428,5.73249,6.62288,20240404,33.32343,26.50598,20.66331,0.25635,5.49645,5.18992,92.70312,92.70312,0.50895,-0.03154,0.31833,48,5.428,5.73249,6.62288,20240404,33.32343,26.50598,20.66331
1-Apr-24,0.25693,6.411,5.91875,91.92969,91.92969,-0.49163,0.0309,0.27952,49.5,5.617,5.71891,6.43818,20240404,32.72865,26.34191,20.69945,0.25693,6.411,5.91875,91.92969,91.92969,0.50793,-0.03192,0.27952,49.5,5.617,5.71891,6.43818,20240404,32.72865,26.34191,20.69945
2-Apr-24,0.20958,6.41142,5.89493,91.82031,91.82031,-0.49339,0.0311,0.22878,48.5,5.631,5.75399,6.44303,20240404,26.60327,21.22422,16.59312,0.20958,6.41142,5.89493,91.82031,91.82031,0.50631,-0.03192,0.22878,48.5,5.631,5.75399,6.44303,20240404,26.60327,21.22422,16.59312
3-Apr-24,0.13795,5.96157,5.49019,91.90625,91.90625,-0.49558,0.03122,0.1618,47.8,5.626,5.75283,6.43853,20240404,17.54162,13.81328,10.70118,0.13795,5.96157,5.49019,91.90625,91.90625,0.50427,-0.03176,0.1618,47.8,5.626,5.75283,6.43853,20240404,17.54162,13.81328,10.70118
4-Apr-24,0.70747,6.52642,6.10238,92.21484,92.21484,-0.48133,0.02996,0.74776,46.3,5.572,5.70693,6.47052,20240506,90.72712,72.25866,56.36236,0.70747,6.52642,6.10238,92.21484,92.21484,0.51396,-0.03199,0.74776,46.3,5.572,5.70693,6.47052,20240506,90.72712,72.25866,56.36236
5-Apr-24,0.69128,6.55647,6.06106,91.78906,91.78906,-0.48087,0.03014,0.7358,46.7,5.628,5.73526,6.48452,20240506,87.79696,69.79,54.37794,0.69128,6.55647,6.06106,91.78906,91.78906,0.51457,-0.03225,0.7358,46.7,5.628,5.73526,6.48452,20240506,87.79696,69.79,54.37794
8-Apr-24,0.67832,6.61602,6.06338,91.42188,91.42188,-0.48069,0.03027,0.72171,49.2,5.645,5.76913,6.45856,20240506,85.5463,67.88696,52.85534,0.67832,6.61602,6.06338,91.42188,91.42188,0.51519,-0.03244,0.72171,49.2,5.645,5.76913,6.45856,20240506,85.5463,67.88696,52.85534
9-Apr-24,0.649,6.46645,5.9804,91.80469,91.80469,-0.48177,0.03019,0.70026,48.4,5.566,5.71637,6.39898,20240506,82.48264,65.17871,50.58713,0.649,6.46645,5.9804,91.80469,91.80469,0.51425,-0.03222,0.70026,48.4,5.566,5.71637,6.39898,20240506,82.48264,65.17871,50.58713
10-Apr-24,0.69664,7.24116,6.49102,90.39844,90.39844,-0.48079,0.0306,0.69258,53.6,5.738,5.83304,6.82696,20240506,86.25131,67.44042,52.01103,0.69664,7.24116,6.49102,90.39844,90.39844,0.51538,-0.03281,0.69258,53.6,5.738,5.83304,6.82696,20240506,86.25131,67.44042,52.01103
11-Apr-24,0.71457,7.6457,6.84341,90.35156,90.35156,-0.48081,0.03064,0.67396,51.1,5.724,5.85338,6.82841,20240506,88.32183,68.53645,52.58008,0.71457,7.6457,6.84341,90.35156,90.35156,0.51551,-0.03285,0.67396,51.1,5.724,5.85338,6.82841,20240506,88.32183,68.53645,52.58008
12-Apr-24,0.72041,7.91083,7.15541,90.73438,90.73438,-0.48142,0.03048,0.64967,52.1,5.68,5.82257,6.73175,20240506,89.94537,70.48224,54.42437,0.72041,7.91083,7.15541,90.73438,90.73438,0.51505,-0.03261,0.64967,52.1,5.68,5.82257,6.73175,20240506,89.94537,70.48224,54.42437
15-Apr-24,0.74386,8.51526,7.56297,89.85156,89.85156,-0.48097,0.03071,0.63485,55.7,5.828,6.03133,6.67811,20240506,91.61756,71.54012,55.11893,0.74386,8.51526,7.56297,89.85156,89.85156,0.51594,-0.03295,0.63485,55.7,5.828,6.03133,6.67811,20240506,91.61756,71.54012,55.11893
16-Apr-24,0.70584,8.39238,7.40993,89.53125,89.53125,-0.48079,0.03077,0.61483,58.8,5.859,6.05835,6.69114,20240506,86.63343,67.5931,52.05461,0.70584,8.39238,7.40993,89.53125,89.53125,0.51626,-0.03304,0.61483,58.8,5.859,6.05835,6.69114,20240506,86.63343,67.5931,52.05461
17-Apr-24,0.63075,7.73623,6.89429,90.05469,90.05469,-0.48102,0.03068,0.59037,56.5,5.785,5.97563,6.74302,20240506,77.96156,60.78594,46.795,0.63075,7.73623,6.89429,90.05469,90.05469,0.51619,-0.03292,0.59037,56.5,5.785,5.97563,6.74302,20240506,77.96156,60.78594,46.795
18-Apr-24,0.61357,7.86982,6.95109,89.61719,89.61719,-0.48086,0.0308,0.56985,58.3,5.852,6.01564,6.66,20240506,75.31368,58.8661,45.38438,0.61357,7.86982,6.95109,89.61719,89.61719,0.51649,-0.03308,0.56985,58.3,5.852,6.01564,6.66,20240506,75.31368,58.8661,45.38438
19-Apr-24,0.61392,8.21186,7.27512,89.74219,89.74219,-0.48133,0.03078,0.5447,58.8,5.822,5.99657,6.57404,20240506,75.57641,59.49054,46.08613,0.61392,8.21186,7.27512,89.74219,89.74219,0.51616,-0.033,0.5447,58.8,5.822,5.99657,6.57404,20240506,75.57641,59.49054,46.08613
22-Apr-24,0.56197,7.88243,6.97319,89.71875,89.71875,-0.48186,0.03085,0.5202,59.1,5.846,5.99377,6.57414,20240506,69.10707,54.90316,42.7926,0.56197,7.88243,6.97319,89.71875,89.71875,0.51608,-0.03304,0.5202,59.1,5.846,5.99377,6.57414,20240506,69.10707,54.90316,42.7926
23-Apr-24,0.51749,7.62085,6.77414,90.0625,90.0625,-0.48266,0.03087,0.4928,55.6,5.823,5.99398,6.74065,20240506,63.81901,50.47685,39.22474,0.51749,7.62085,6.77414,90.0625,90.0625,0.51542,-0.03296,0.4928,55.6,5.823,5.99398,6.74065,20240506,63.81901,50.47685,39.22474
24-Apr-24,0.49677,7.79077,6.87238,89.6875,89.6875,-0.4835,0.03103,0.46605,56.3,5.883,6.04221,6.75478,20240506,60.91704,48.2342,37.52062,0.49677,7.79077,6.87238,89.6875,89.6875,0.51473,-0.03303,0.46605,56.3,5.883,6.04221,6.75478,20240506,60.91704,48.2342,37.52062
25-Apr-24,0.49879,8.39923,7.35479,89.28125,89.28125,-0.48463,0.03119,0.43746,57.2,5.915,6.07486,6.72501,20240506,60.82507,48.18226,37.48174,0.49879,8.39923,7.35479,89.28125,89.28125,0.51375,-0.03306,0.43746,57.2,5.915,6.07486,6.72501,20240506,60.82507,48.18226,37.48174
26-Apr-24,0.46616,8.44205,7.43493,89.65625,89.65625,-0.48611,0.03124,0.40403,53.7,5.852,6.00902,6.84049,20240506,57.02938,45.59869,35.69243,0.46616,8.44205,7.43493,89.65625,89.65625,0.51242,-0.03293,0.40403,53.7,5.852,6.00902,6.84049,20240506,57.02938,45.59869,35.69243
29-Apr-24,0.4284,8.46469,7.5025,89.97656,89.97656,-0.48787,0.03126,0.36809,53.4,5.813,5.95688,6.85594,20240506,52.70827,42.19194,33.04562,0.4284,8.46469,7.5025,89.97656,89.97656,0.5111,-0.03275,0.36809,53.4,5.813,5.95688,6.85594,20240506,52.70827,42.19194,33.04562
30-Apr-24,0.38021,8.45374,7.41236,89.38281,89.38281,-0.48919,0.03148,0.33034,57.6,5.905,6.07448,7.11819,20240506,46.42913,37.11128,29.04487,0.38021,8.45374,7.41236,89.38281,89.38281,0.50993,-0.03281,0.33034,57.6,5.905,6.07448,7.11819,20240506,46.42913,37.11128,29.04487
1-May-24,0.30108,7.66386,6.80606,90.14062,90.14062,-0.491,0.03146,0.28485,52.7,5.794,6.00996,7.28777,20240506,37.11528,29.53465,23.0464,0.30108,7.66386,6.80606,90.14062,90.14062,0.50826,-0.03256,0.28485,52.7,5.794,6.00996,7.28777,20240506,37.11528,29.53465,23.0464
2-May-24,0.27634,8.59061,7.65928,90.38281,90.38281,-0.49302,0.03155,0.23054,51,5.791,6.00979,7.31283,20240506,34.17573,27.57723,21.70591,0.27634,8.59061,7.65928,90.38281,90.38281,0.50639,-0.0324,0.23054,51,5.791,6.00979,7.31283,20240506,34.17573,27.57723,21.70591
3-May-24,0.15216,6.64892,5.98926,90.92188,90.92188,-0.49522,0.03155,0.1636,49.3,5.731,5.94701,7.3694,20240506,18.9849,15.12446,11.80425,0.15216,6.64892,5.98926,90.92188,90.92188,0.50434,-0.03213,0.1636,49.3,5.731,5.94701,7.3694,20240506,18.9849,15.12446,11.80425
6-May-24,0.71962,6.73222,6.10794,90.91797,90.91797,-0.48098,0.03042,0.77514,52.2,5.745,5.9302,7.40367,20240606,88.37634,71.04599,55.79562,0.71962,6.73222,6.10794,90.91797,90.91797,0.51446,-0.03254,0.77514,52.2,5.745,5.9302,7.40367,20240606,88.37634,71.04599,55.79562
7-May-24,0.70335,6.72005,6.12149,91.10547,91.10547,-0.48115,0.03037,0.75596,51.7,5.703,5.93066,7.39555,20240606,86.63022,70.01134,55.17279,0.70335,6.72005,6.12149,91.10547,91.10547,0.51443,-0.03248,0.75596,51.7,5.703,5.93066,7.39555,20240606,86.63022,70.01134,55.17279
8-May-24,0.69125,6.78365,6.14664,90.875,90.875,-0.48097,0.03045,0.74001,52.4,5.721,6.06042,7.53304,20240606,84.7948,68.74473,54.28916,0.69125,6.78365,6.14664,90.875,90.875,0.51476,-0.03259,0.74001,52.4,5.721,6.06042,7.53304,20240606,84.7948,68.74473,54.28916
9-May-24,0.67061,6.72046,6.13073,91.28906,91.28906,-0.48116,0.03039,0.7198,48.6,5.64,5.85505,7.61477,20240606,82.58614,66.91109,52.81347,0.67061,6.72046,6.13073,91.28906,91.28906,0.51472,-0.03251,0.7198,48.6,5.64,5.85505,7.61477,20240606,82.58614,66.91109,52.81347
10-May-24,0.66369,6.86534,6.2048,90.85156,90.85156,-0.48087,0.03051,0.70397,51.2,5.718,5.97036,7.66129,20240606,81.15895,65.78638,51.95018,0.66369,6.86534,6.2048,90.85156,90.85156,0.51516,-0.03269,0.70397,51.2,5.718,5.97036,7.66129,20240606,81.15895,65.78638,51.95018
13-May-24,0.66377,7.04449,6.35403,91.07812,91.07812,-0.48082,0.03064,0.68696,49.4,5.68,5.97245,7.92853,20240606,80.90132,65.8664,52.14776,0.66377,7.04449,6.35403,91.07812,91.07812,0.51565,-0.03286,0.68696,49.4,5.68,5.97245,7.92853,20240606,80.90132,65.8664,52.14776
14-May-24,0.64263,7.00078,6.35403,91.44531,91.44531,-0.481,0.03059,0.66521,46,5.621,5.93561,8.25371,20240606,78.64675,63.95391,50.59416,0.64263,7.00078,6.35403,91.44531,91.44531,0.51562,-0.03279,0.66521,46,5.621,5.93561,8.25371,20240606,78.64675,63.95391,50.59416
15-May-24,0.53403,5.96126,5.48101,92.15625,92.15625,-0.48113,0.03044,0.64061,42.6,5.526,5.83758,8.10436,20240606,66.04063,53.47595,42.19256,0.53403,5.96126,5.48101,92.15625,92.15625,0.51563,-0.03262,0.64061,42.6,5.526,5.83758,8.10436,20240606,66.04063,53.47595,42.19256
16-May-24,0.50518,5.85404,5.35343,91.875,91.875,-0.48096,0.0305,0.62113,45.3,5.576,5.85771,8.22888,20240606,62.23839,49.96703,39.20065,0.50518,5.85404,5.35343,91.875,91.875,0.51595,-0.03272,0.62113,45.3,5.576,5.85771,8.22888,20240606,62.23839,49.96703,39.20065
17-May-24,0.49852,6.01718,5.4642,91.52344,91.52344,-0.48085,0.03059,0.60049,46.9,5.627,5.90408,8.26571,20240606,61.10855,49.1051,38.5557,0.49852,6.01718,5.4642,91.52344,91.52344,0.5162,-0.03284,0.60049,46.9,5.627,5.90408,8.26571,20240606,61.10855,49.1051,38.5557
20-May-24,0.46242,5.81769,5.26612,91.35156,91.35156,-0.48101,0.03064,0.5777,49.6,5.662,5.91652,8.34478,20240606,56.59093,45.54504,35.79832,0.46242,5.81769,5.26612,91.35156,91.35156,0.51649,-0.0329,0.5777,49.6,5.662,5.91652,8.34478,20240606,56.59093,45.54504,35.79832
21-May-24,0.41656,5.46178,4.96006,91.53906,91.53906,-0.48129,0.03062,0.55239,48.6,5.631,5.87668,8.35225,20240606,51.11211,40.99133,32.14486,0.41656,5.46178,4.96006,91.53906,91.53906,0.51635,-0.03285,0.55239,48.6,5.631,5.87668,8.35225,20240606,51.11211,40.99133,32.14486
22-May-24,0.39915,5.50166,4.9756,91.3125,91.3125,-0.48173,0.0307,0.527,50.6,5.656,5.88904,8.34147,20240606,48.83231,39.18068,30.74472,0.39915,5.50166,4.9756,91.3125,91.3125,0.51606,-0.03289,0.527,50.6,5.656,5.88904,8.34147,20240606,48.83231,39.18068,30.74472
23-May-24,0.38049,5.55155,4.98361,90.91406,90.91406,-0.48236,0.03083,0.50227,53.1,5.7,5.9232,8.47873,20240606,46.30775,36.46699,28.26256,0.38049,5.55155,4.98361,90.91406,90.91406,0.51558,-0.03296,0.50227,53.1,5.7,5.9232,8.47873,20240606,46.30775,36.46699,28.26256
24-May-24,0.4007,6.20232,5.56759,90.88281,90.88281,-0.48349,0.0309,0.47319,53.7,5.689,5.9155,8.50203,20240606,48.77571,38.60287,30.01915,0.4007,6.20232,5.56759,90.88281,90.88281,0.51459,-0.03288,0.47319,53.7,5.689,5.9155,8.50203,20240606,48.77571,38.60287,30.01915
28-May-24,0.35223,5.85722,5.20592,90.38281,90.38281,-0.48468,0.03111,0.44445,56.9,5.801,6.00283,8.2812,20240606,42.58444,33.57172,26.04407,0.35223,5.85722,5.20592,90.38281,90.38281,0.51399,-0.03299,0.44445,56.9,5.801,6.00283,8.2812,20240606,42.58444,33.57172,26.04407
29-May-24,0.35336,6.37967,5.61646,89.90625,89.90625,-0.4859,0.03132,0.41228,57,5.877,6.08871,8.07689,20240606,42.40124,33.19703,25.64296,0.35336,6.37967,5.61646,89.90625,89.90625,0.51292,-0.03306,0.41228,57,5.877,6.08871,8.07689,20240606,42.40124,33.19703,25.64296
30-May-24,0.29447,5.78868,5.14262,90.4375,90.4375,-0.48745,0.03132,0.37632,54.3,5.779,6.05347,7.98421,20240606,35.57707,27.52578,21.08363,0.29447,5.78868,5.14262,90.4375,90.4375,0.51151,-0.03287,0.37632,54.3,5.779,6.05347,7.98421,20240606,35.57707,27.52578,21.08363
31-May-24,0.30712,6.73625,6.01089,90.60938,90.60938,-0.48923,0.03136,0.33549,55.3,5.759,6.02744,7.7465,20240606,37.28038,29.40489,22.8155,0.30712,6.73625,6.01089,90.60938,90.60938,0.50988,-0.03268,0.33549,55.3,5.759,6.02744,7.7465,20240606,37.28038,29.40489,22.8155
3-Jun-24,0.2702,6.78357,6.14568,91.36719,91.36719,-0.49132,0.03128,0.28831,51.6,5.622,5.91626,7.5532,20240606,33.20501,26.08614,20.18358,0.2702,6.78357,6.14568,91.36719,91.36719,0.50823,-0.03235,0.28831,51.6,5.622,5.91626,7.5532,20240606,33.20501,26.08614,20.18358
4-Jun-24,0.21775,6.66743,6.09568,91.73438,91.73438,-0.49332,0.03124,0.23386,51.1,5.538,5.85646,7.39558,20240606,26.99488,21.1036,16.27479,0.21775,6.66743,6.09568,91.73438,91.73438,0.50639,-0.03207,0.23386,51.1,5.538,5.85646,7.39558,20240606,26.99488,21.1036,16.27479
5-Jun-24,0.14128,6.0983,5.61434,92.01562,92.01562,-0.49554,0.03126,0.16523,50.5,5.467,5.80287,7.36892,20240606,17.63152,13.5694,10.35307,0.14128,6.0983,5.61434,92.01562,92.01562,0.50431,-0.03182,0.16523,50.5,5.467,5.80287,7.36892,20240606,17.63152,13.5694,10.35307
6-Jun-24,0.75332,7.30073,6.78907,92.0625,92.0625,-0.49179,0.03073,0.72597,49.8,5.477,5.80163,7.36416,20240708,94.65919,74.35503,57.47511,0.75332,7.30073,6.78907,92.0625,92.0625,0.5035,-0.03146,0.72597,49.8,5.477,5.80163,7.36416,20240708,94.65919,74.35503,57.47511
7-Jun-24,0.69344,6.94824,6.3206,91.34375,91.34375,-0.49048,0.03109,0.71887,51.2,5.637,5.90199,6.82786,20240708,85.36102,66.86155,51.60076,0.69344,6.94824,6.3206,91.34375,91.34375,0.50496,-0.032,0.71887,51.2,5.637,5.90199,6.82786,20240708,85.36102,66.86155,51.60076
10-Jun-24,0.66737,6.88785,6.22514,91.07031,91.07031,-0.49033,0.03119,0.70271,52.1,5.671,5.95185,6.73774,20240708,81.74559,64.00268,49.39022,0.66737,6.88785,6.22514,91.07031,91.07031,0.50554,-0.03215,0.70271,52.1,5.671,5.95185,6.73774,20240708,81.74559,64.00268,49.39022
11-Jun-24,0.65124,6.87687,6.28118,91.57812,91.57812,-0.49076,0.03106,0.67931,49,5.566,5.9641,6.73784,20240708,80.41982,63.11143,48.76566,0.65124,6.87687,6.28118,91.57812,91.57812,0.50526,-0.03198,0.67931,49,5.566,5.9641,6.73784,20240708,80.41982,63.11143,48.76566
12-Jun-24,0.57795,6.23556,5.79142,92.375,92.375,-0.49113,0.03083,0.6536,44.1,5.425,5.8366,6.81839,20240708,72.34415,56.0571,42.94432,0.57795,6.23556,5.79142,92.375,92.375,0.50504,-0.03171,0.6536,44.1,5.425,5.8366,6.81839,20240708,72.34415,56.0571,42.94432
13-Jun-24,0.57781,6.41641,6.01827,92.67969,92.67969,-0.49167,0.03066,0.62934,45.3,5.388,5.79973,6.75095,20240708,73.03794,56.7807,43.58246,0.57781,6.41641,6.01827,92.67969,92.67969,0.50464,-0.03147,0.62934,45.3,5.388,5.79973,6.75095,20240708,73.03794,56.7807,43.58246
14-Jun-24,0.61787,7.10224,6.70235,92.66406,92.66406,-0.49239,0.03052,0.60391,49.3,5.363,5.41418,6.59495,20240708,78.69698,60.59252,46.20973,0.61787,7.10224,6.70235,92.66406,92.66406,0.50406,-0.03124,0.60391,49.3,5.363,5.41418,6.59495,20240708,78.69698,60.59252,46.20973
17-Jun-24,0.57428,6.87866,6.40199,92.24219,92.24219,-0.49175,0.03076,0.58808,49.9,5.443,5.45456,6.52003,20240708,72.23056,55.31931,42.04139,0.57428,6.87866,6.40199,92.24219,92.24219,0.50515,-0.0316,0.58808,49.9,5.443,5.45456,6.52003,20240708,72.23056,55.31931,42.04139
18-Jun-24,0.54066,6.71151,6.31233,92.625,92.625,-0.49932,0.03104,0.55975,48.8,5.35,5.40048,6.48137,20240708,68.75132,52.52687,39.85167,0.54066,6.71151,6.31233,92.625,92.625,0.49772,-0.03094,0.55975,48.8,5.35,5.40048,6.48137,20240708,68.75132,52.52687,39.85167
20-Jun-24,0.53114,6.89792,6.44633,92.44531,92.44531,-0.4992,0.03117,0.53879,48.5,5.415,5.43533,6.42466,20240708,67.12816,51.59728,39.30559,0.53114,6.89792,6.44633,92.44531,92.44531,0.49814,-0.0311,0.53879,48.5,5.415,5.43533,6.42466,20240708,67.12816,51.59728,39.30559
21-Jun-24,0.50672,6.90037,6.44212,92.45312,92.45312,-0.49918,0.0312,0.51456,46.8,5.393,5.42956,6.40592,20240708,63.96567,49.11644,37.39048,0.50672,6.90037,6.44212,92.45312,92.45312,0.49831,-0.03115,0.51456,46.8,5.393,5.42956,6.40592,20240708,63.96567,49.11644,37.39048
24-Jun-24,0.47261,6.78607,6.3404,92.38281,92.38281,-0.49948,0.03117,0.48786,50.1,5.389,5.42062,6.37221,20240708,59.80184,45.44031,34.3457,0.47261,6.78607,6.3404,92.38281,92.38281,0.49845,-0.03111,0.48786,50.1,5.389,5.42062,6.37221,20240708,59.80184,45.44031,34.3457
25-Jun-24,0.44285,6.74805,6.30253,92.32031,92.32031,-0.49959,0.03117,0.4598,51.4,5.396,5.42756,6.29882,20240708,56.07201,42.53026,32.10719,0.44285,6.74805,6.30253,92.32031,92.32031,0.49848,-0.0311,0.4598,51.4,5.396,5.42756,6.29882,20240708,56.07201,42.53026,32.10719
26-Jun-24,0.4214,6.89678,6.35709,91.875,91.875,-0.49932,0.03141,0.43377,51.8,5.485,5.41918,6.23523,20240708,52.71905,39.93461,30.12384,0.4214,6.89678,6.35709,91.875,91.875,0.4989,-0.03139,0.43377,51.8,5.485,5.41918,6.23523,20240708,52.71905,39.93461,30.12384
27-Jun-24,0.43086,7.6013,7.03913,92.04688,92.04688,-0.49983,0.03136,0.4009,51.3,5.448,5.40382,6.17477,20240708,54.1275,41.07793,31.02136,0.43086,7.6013,7.03913,92.04688,92.04688,0.49854,-0.03128,0.4009,51.3,5.448,5.40382,6.17477,20240708,54.1275,41.07793,31.02136
28-Jun-24,0.4117,7.98781,7.33353,91.67188,91.67188,-0.49983,0.0315,0.36782,54.4,5.548,5.47287,6.21392,20240708,51.40559,38.9932,29.4367,0.4117,7.98781,7.33353,91.67188,91.67188,0.49869,-0.03143,0.36782,54.4,5.548,5.47287,6.21392,20240708,51.40559,38.9932,29.4367
1-Jul-24,0.37695,8.25286,7.42107,90.78906,90.78906,-0.49957,0.03184,0.33304,57.7,5.724,5.78287,6.18128,20240708,46.27763,35.13858,26.54656,0.37695,8.25286,7.42107,90.78906,90.78906,0.4994,-0.03183,0.33304,57.7,5.724,5.78287,6.18128,20240708,46.27763,35.13858,26.54656
2-Jul-24,0.31417,7.91936,7.16293,91.03906,91.03906,-0.49982,0.03175,0.28717,57,5.65,5.73752,6.20709,20240708,38.7844,29.3778,22.15626,0.31417,7.91936,7.16293,91.03906,91.03906,0.4993,-0.03172,0.28717,57,5.65,5.73752,6.20709,20240708,38.7844,29.3778,22.15626
3-Jul-24,0.29654,9.10134,8.33569,91.5625,91.5625,-0.5004,0.03158,0.22999,54.7,5.535,5.63893,6.11516,20240708,37.00685,28.36091,21.5637,0.29654,9.10134,8.33569,91.5625,91.5625,0.49886,-0.03148,0.22999,54.7,5.535,5.63893,6.11516,20240708,37.00685,28.36091,21.5637
5-Jul-24,0.14325,6.18154,5.72821,92.07031,92.07031,-0.50013,0.03136,0.16413,52.7,5.463,5.58448,6.17531,20240708,18.06904,13.49725,10.0776,0.14325,6.18154,5.72821,92.07031,92.07031,0.49943,-0.03132,0.16413,52.7,5.463,5.58448,6.17531,20240708,18.06904,13.49725,10.0776
8-Jul-24,0.66814,6.30865,5.89837,92.17578,92.17578,-0.49923,0.03107,0.72459,53.2,5.425,5.56715,6.17756,20240806,86.49562,65.85931,49.83836,0.66814,6.30865,5.89837,92.17578,92.17578,0.4965,-0.0309,0.72459,53.2,5.425,5.56715,6.17756,20240806,86.49562,65.85931,49.83836
9-Jul-24,0.64213,6.21133,5.78715,92.18359,92.18359,-0.4989,0.03116,0.71007,50.5,5.449,5.57843,6.10787,20240806,82.75565,63.09962,47.79717,0.64213,6.21133,5.78715,92.18359,92.18359,0.49698,-0.03104,0.71007,50.5,5.449,5.57843,6.10787,20240806,82.75565,63.09962,47.79717
10-Jul-24,0.61589,6.10748,5.70391,92.24219,92.24219,-0.49898,0.03111,0.69115,50.9,5.405,5.5466,6.25275,20240806,79.58415,60.61118,45.87901,0.61589,6.10748,5.70391,92.24219,92.24219,0.49704,-0.03099,0.69115,50.9,5.405,5.5466,6.25275,20240806,79.58415,60.61118,45.87901
11-Jul-24,0.58306,5.90251,5.60845,92.82031,92.82031,-0.49963,0.03081,0.66578,51.3,5.316,5.48912,6.27655,20240806,76.60078,58.71694,44.63038,0.58306,5.90251,5.60845,92.82031,92.82031,0.49654,-0.03062,0.66578,51.3,5.316,5.48912,6.27655,20240806,76.60078,58.71694,44.63038
12-Jul-24,0.57585,5.98505,5.70246,93.01562,93.01562,-0.4997,0.03079,0.64681,49.5,5.303,5.48407,6.19977,20240806,75.74533,58.31835,44.46136,0.57585,5.98505,5.70246,93.01562,93.01562,0.49661,-0.0306,0.64681,49.5,5.303,5.48407,6.19977,20240806,75.74533,58.31835,44.46136
15-Jul-24,0.56235,6.04169,5.71193,92.71094,92.71094,-0.49954,0.03092,0.63088,52.4,5.402,5.56538,6.03047,20240806,73.56431,56.57766,43.10303,0.56235,6.04169,5.71193,92.71094,92.71094,0.49721,-0.03078,0.63088,52.4,5.402,5.56538,6.03047,20240806,73.56431,56.57766,43.10303
16-Jul-24,0.53649,5.93161,5.66301,93.03125,93.03125,-0.49988,0.03075,0.60719,51.4,5.305,5.48992,6.00973,20240806,70.78093,54.39825,41.42274,0.53649,5.93161,5.66301,93.03125,93.03125,0.49701,-0.03057,0.60719,51.4,5.305,5.48992,6.00973,20240806,70.78093,54.39825,41.42274
17-Jul-24,0.51116,5.83575,5.59445,93.24219,93.24219,-0.49989,0.03069,0.58538,49,5.267,5.45834,6.09488,20240806,67.62848,51.87741,39.45715,0.51116,5.83575,5.59445,93.24219,93.24219,0.49715,-0.03052,0.58538,49,5.267,5.45834,6.09488,20240806,67.62848,51.87741,39.45715
18-Jul-24,0.50071,5.94932,5.65133,92.96094,92.96094,-0.49955,0.03086,0.56828,50.2,5.351,5.50805,6.08564,20240806,65.7115,50.4833,38.42911,0.50071,5.94932,5.65133,92.96094,92.96094,0.49764,-0.03074,0.56828,50.2,5.351,5.50805,6.08564,20240806,65.7115,50.4833,38.42911
19-Jul-24,0.52109,6.46615,6.08769,92.63281,92.63281,-0.49943,0.03102,0.54883,51,5.406,5.56106,6.0975,20240806,67.84237,52.23161,39.82422,0.52109,6.46615,6.08769,92.63281,92.63281,0.49791,-0.03092,0.54883,51,5.406,5.56106,6.0975,20240806,67.84237,52.23161,39.82422
22-Jul-24,0.48371,6.27387,5.88171,92.52344,92.52344,-0.50405,0.0314,0.51644,51.2,5.431,5.57304,6.11305,20240806,64.04637,49.5608,37.91845,0.48371,6.27387,5.88171,92.52344,92.52344,0.49373,-0.03076,0.51644,51.2,5.431,5.57304,6.11305,20240806,64.04637,49.5608,37.91845
23-Jul-24,0.45949,6.24386,5.87059,92.60938,92.60938,-0.49947,0.03105,0.49258,51.9,5.422,5.57303,6.09889,20240806,60.99152,47.41573,36.38835,0.45949,6.24386,5.87059,92.60938,92.60938,0.49845,-0.03099,0.49258,51.9,5.422,5.57303,6.09889,20240806,60.99152,47.41573,36.38835
24-Jul-24,0.44039,6.33164,5.90446,92.25,92.25,-0.49935,0.03118,0.46904,55.4,5.537,5.66913,6.16067,20240806,58.15868,45.23687,34.7319,0.44039,6.33164,5.90446,92.25,92.25,0.49873,-0.03114,0.46904,55.4,5.537,5.66913,6.16067,20240806,58.15868,45.23687,34.7319
25-Jul-24,0.44679,6.80195,6.37481,92.39062,92.39062,-0.49983,0.0311,0.4412,54.9,5.463,5.60699,6.16062,20240806,59.25713,46.39448,35.7672,0.44679,6.80195,6.37481,92.39062,92.39062,0.49839,-0.03101,0.4412,54.9,5.463,5.60699,6.16062,20240806,59.25713,46.39448,35.7672
26-Jul-24,0.42364,6.86192,6.49592,92.82031,92.82031,-0.50027,-309.61354,0.41007,51.4,5.366,5.52774,6.26503,20240806,56.63678,44.59099,34.50167,0.42364,6.86192,6.49592,92.82031,92.82031,0.4981,308.26496,0.41007,51.4,5.366,5.52774,6.26503,20240806,56.63678,44.59099,34.50167
29-Jul-24,0.3897,6.80343,6.46184,92.97656,92.97656,-0.5006,-309.31651,0.37942,50.2,5.342,5.49639,6.26981,20240806,52.22518,41.207,31.92926,0.3897,6.80343,6.46184,92.97656,92.97656,0.49821,307.8379,0.37942,50.2,5.342,5.49639,6.26981,20240806,52.22518,41.207,31.92926
30-Jul-24,0.36691,7.00401,6.69327,93.13281,93.13281,-0.50098,-308.17568,0.34532,51.6,5.32,5.46619,6.20052,20240806,49.48078,39.26964,30.54138,0.36691,7.00401,6.69327,93.13281,93.13281,0.49798,306.32667,0.34532,51.6,5.32,5.46619,6.20052,20240806,49.48078,39.26964,30.54138
31-Jul-24,0.29976,6.37737,6.12901,93.41406,93.41406,-0.50087,-307.29218,0.30809,49.6,5.277,5.40463,6.07392,20240806,40.59954,31.94146,24.70415,0.29976,6.37737,6.12901,93.41406,93.41406,0.49824,305.6788,0.30809,49.6,5.277,5.40463,6.07392,20240806,40.59954,31.94146,24.70415
1-Aug-24,0.29568,7.19832,7.11545,94.25,94.25,-0.50198,-302.10409,0.25864,46.8,5.143,5.31117,6.15151,20240806,41.11048,33.16464,26.04916,0.29568,7.19832,7.11545,94.25,94.25,0.49728,299.27964,0.25864,46.8,5.143,5.31117,6.15151,20240806,41.11048,33.16464,26.04916
2-Aug-24,0.21531,6.33418,6.5839,95.50781,95.50781,-0.50248,-291.42544,0.20627,41.9,4.84,5.09223,6.34006,20240806,31.41714,24.41286,18.71451,0.21531,6.33418,6.5839,95.50781,95.50781,0.49693,288.20752,0.20627,41.9,4.84,5.09223,6.34006,20240806,31.41714,24.41286,18.71451
5-Aug-24,0.15784,6.57537,6.83479,95.34375,95.34375,-0.50214,-290.72182,0.14571,46.1,4.893,5.13877,6.3675,20240806,23.07569,18.0651,13.91723,0.15784,6.57537,6.83479,95.34375,95.34375,0.49771,288.1555,0.14571,46.1,4.893,5.13877,6.3675,20240806,23.07569,18.0651,13.91723
6-Aug-24,0.77557,6.8067,6.99952,94.82812,94.82812,-0.50476,-293.80018,0.69299,48.3,5.06,5.27811,6.22833,20240909,111.84942,87.71737,67.6614,0.77557,6.8067,6.99952,94.82812,94.82812,0.49024,285.34707,0.69299,48.3,5.06,5.27811,6.22833,20240909,111.84942,87.71737,67.6614
7-Aug-24,0.75508,6.80727,6.86033,94.375,94.375,-0.50357,-297.65022,0.68835,50.4,5.193,5.65152,6.53457,20240909,106.9486,84.52485,65.53743,0.75508,6.80727,6.86033,94.375,94.375,0.49157,290.56093,0.68835,50.4,5.193,5.65152,6.53457,20240909,106.9486,84.52485,65.53743
8-Aug-24,0.72627,6.71431,6.71947,94.18359,94.18359,-0.50299,-298.78783,0.67624,50.5,5.17,5.69826,6.53083,20240909,102.24239,81.32296,63.31883,0.72627,6.71431,6.71947,94.18359,94.18359,0.49229,292.43321,0.67624,50.5,5.17,5.69826,6.53083,20240909,102.24239,81.32296,63.31883
9-Aug-24,0.70216,6.6362,6.71864,94.39062,94.39062,-0.50355,-296.32716,0.65425,51,5.073,5.62891,6.4449,20240909,99.98331,79.94446,62.44543,0.70216,6.6362,6.71864,94.39062,94.39062,0.49187,289.45737,0.65425,51,5.073,5.62891,6.4449,20240909,99.98331,79.94446,62.44543
12-Aug-24,0.67826,6.563,6.68941,94.54688,94.54688,-0.5039,-295.03013,0.63478,51.5,5.053,5.6152,6.44967,20240909,97.26036,77.06042,59.82871,0.67826,6.563,6.68941,94.54688,94.54688,0.49197,288.049,0.63478,51.5,5.053,5.6152,6.44967,20240909,97.26036,77.06042,59.82871
13-Aug-24,0.66715,6.61119,6.69295,94.83594,94.83594,-0.50817,-300.47363,0.62204,50.7,4.988,5.5538,6.41854,20240909,95.20377,75.61005,58.7883,0.66715,6.61119,6.69295,94.83594,94.83594,0.48784,288.45602,0.62204,50.7,4.988,5.5538,6.41854,20240909,95.20377,75.61005,58.7883
14-Aug-24,0.6025,6.12861,6.24023,95.05469,95.05469,-0.5078,-299.2173,0.60319,49.2,4.898,5.45761,6.45117,20240909,86.38443,68.27763,52.932,0.6025,6.12861,6.24023,95.05469,95.05469,0.48836,287.76663,0.60319,49.2,4.898,5.45761,6.45117,20240909,86.38443,68.27763,52.932
15-Aug-24,0.57489,6.05926,6.01565,94.54688,94.54688,-0.51165,-307.55467,0.59542,49,5.035,5.55439,6.22322,20240909,80.46469,63.11422,48.69212,0.57489,6.05926,6.01565,94.54688,94.54688,0.48465,291.32374,0.59542,49,5.035,5.55439,6.22322,20240909,80.46469,63.11422,48.69212
16-Aug-24,0.57215,6.2097,6.21687,94.8125,94.8125,-0.51205,-306.08392,0.5739,46.5,4.946,5.49427,6.22437,20240909,80.65047,63.73581,49.40956,0.57215,6.2097,6.21687,94.8125,94.8125,0.4844,289.55514,0.5739,46.5,4.946,5.49427,6.22437,20240909,80.65047,63.73581,49.40956
19-Aug-24,0.52866,5.93253,5.96945,94.875,94.875,-0.51212,-304.78216,0.55298,47.9,4.909,5.45347,6.20332,20240909,74.93257,59.26581,45.9706,0.52866,5.93253,5.96945,94.875,94.875,0.48478,288.51074,0.55298,47.9,4.909,5.45347,6.20332,20240909,74.93257,59.26581,45.9706
20-Aug-24,0.50731,5.8895,6.00079,95.15625,95.15625,-0.51249,-302.10283,0.52793,47.1,4.826,5.38987,6.21232,20240909,72.80703,57.75209,44.87504,0.50731,5.8895,6.00079,95.15625,95.15625,0.48455,285.63477,0.52793,47.1,4.826,5.38987,6.21232,20240909,72.80703,57.75209,44.87504
21-Aug-24,0.52263,6.29309,6.47695,95.47656,95.47656,-0.51309,-300.43437,0.50276,44.4,4.78,5.33377,6.22875,20240909,75.68752,60.54096,47.29786,0.52263,6.29309,6.47695,95.47656,95.47656,0.48409,283.45258,0.50276,44.4,4.78,5.33377,6.22875,20240909,75.68752,60.54096,47.29786
22-Aug-24,0.47518,6.00622,6.04012,94.98438,94.98438,-0.51158,-304.99012,0.49084,46.5,4.958,5.46495,6.12468,20240909,67.29392,54.12695,42.42178,0.47518,6.00622,6.04012,94.98438,94.98438,0.48575,289.59138,0.49084,46.5,4.958,5.46495,6.12468,20240909,67.29392,54.12695,42.42178
23-Aug-24,0.45452,5.99353,6.11921,95.47656,95.47656,-0.51183,-302.11474,0.46468,43.6,4.838,5.34093,6.17775,20240909,65.23042,52.45311,41.0987,0.45452,5.99353,6.11921,95.47656,95.47656,0.48565,286.66161,0.46468,43.6,4.838,5.34093,6.17775,20240909,65.23042,52.45311,41.0987
26-Aug-24,0.42541,5.91823,5.94639,95.35156,95.35156,-0.51122,-306.22236,0.44821,45.8,4.893,5.35471,6.16571,20240909,60.12884,48.35755,37.89561,0.42541,5.91823,5.94639,95.35156,95.35156,0.4867,291.53467,0.44821,45.8,4.893,5.35471,6.16571,20240909,60.12884,48.35755,37.89561
27-Aug-24,0.40919,6.03408,6.04814,95.39844,95.39844,-0.51067,-306.78478,0.42402,44.2,4.911,5.35999,6.11891,20240909,57.65724,46.23454,36.1658,0.40919,6.03408,6.04814,95.39844,95.39844,0.4874,292.8059,0.42402,44.2,4.911,5.35999,6.11891,20240909,57.65724,46.23454,36.1658
28-Aug-24,0.41433,6.53599,6.53742,95.32031,95.32031,-0.51039,-307.01165,0.39618,44.2,4.911,5.38223,6.14,20240909,58.27418,46.98243,36.88774,0.41433,6.53599,6.53742,95.32031,95.32031,0.48783,293.44197,0.39618,44.2,4.911,5.38223,6.14,20240909,58.27418,46.98243,36.88774
29-Aug-24,0.37217,6.34778,6.31428,95.21094,95.21094,-0.50937,-307.73477,0.36841,44.6,4.94,5.41114,6.10862,20240909,52.06126,41.8654,32.80431,0.37217,6.34778,6.31428,95.21094,95.21094,0.489,295.4327,0.36841,44.6,4.94,5.41114,6.10862,20240909,52.06126,41.8654,32.80431
30-Aug-24,0.37012,6.93698,6.8318,94.89844,94.89844,-0.50866,-309.37376,0.34037,47.1,5.028,5.49868,6.05346,20240909,51.3197,41.90817,33.15778,0.37012,6.93698,6.8318,94.89844,94.89844,0.48986,297.93893,0.34037,47.1,5.028,5.49868,6.05346,20240909,51.3197,41.90817,33.15778
3-Sep-24,0.31536,6.57788,6.5825,95.28125,95.28125,-0.50399,-302.89268,0.30152,45.7,4.896,5.37961,5.62324,20240909,44.36388,36.26574,28.70785,0.31536,6.57788,6.5825,95.28125,95.28125,0.49512,297.56031,0.30152,45.7,4.896,5.37961,5.62324,20240909,44.36388,36.26574,28.70785
4-Sep-24,0.31395,7.53196,7.67735,95.64062,95.64062,-0.50471,-298.91353,0.2561,46.2,4.805,5.29379,5.59161,20240909,45.00254,36.79115,29.12842,0.31395,7.53196,7.67735,95.64062,95.64062,0.49455,292.89352,0.2561,46.2,4.805,5.29379,5.59161,20240909,45.00254,36.79115,29.12842
5-Sep-24,0.28332,8.29562,8.53636,95.96094,95.96094,-0.50464,-297.03824,0.20782,42.6,4.716,5.21298,5.59761,20240909,40.91783,33.73559,26.831,0.28332,8.29562,8.53636,95.96094,95.96094,0.49477,291.23061,0.20782,42.6,4.716,5.21298,5.59761,20240909,40.91783,33.73559,26.831
6-Sep-24,0.12878,5.32129,5.51586,96.14844,96.14844,-0.50223,-294.04497,0.14731,43.7,4.742,5.20142,5.5719,20240909,18.75456,14.80844,11.46817,0.12878,5.32129,5.51586,96.14844,96.14844,0.49732,291.17114,0.14731,43.7,4.742,5.20142,5.5719,20240909,18.75456,14.80844,11.46817
9-Sep-24,0.62118,5.60971,5.92325,96.35938,96.35938,-0.50766,-292.4237,0.64366,42.7,4.69,5.14334,5.53175,20241008,93.77656,75.11483,58.72306,0.62118,5.60971,5.92325,96.35938,96.35938,0.48821,281.21896,0.64366,42.7,4.69,5.14334,5.53175,20241008,93.77656,75.11483,58.72306
10-Sep-24,0.60533,5.57989,5.99246,96.71875,96.71875,-0.50829,-288.93587,0.62033,40.6,4.572,5.02301,5.66193,20241008,92.86484,74.56807,58.35344,0.60533,5.57989,5.99246,96.71875,96.71875,0.48774,277.25532,0.62033,40.6,4.572,5.02301,5.66193,20241008,92.86484,74.56807,58.35344
11-Sep-24,0.56892,5.37985,5.75721,96.71875,96.71875,-0.50764,-289.5939,0.60718,39.1,4.54,5.00434,5.67322,20241008,86.924,69.17317,53.83379,0.56892,5.37985,5.75721,96.71875,96.71875,0.48851,278.67676,0.60718,39.1,4.54,5.00434,5.67322,20241008,86.924,69.17317,53.83379
12-Sep-24,0.55733,5.42081,5.74721,96.59375,96.59375,-0.50714,-291.63906,0.59574,40.5,4.633,5.08252,5.72151,20241008,84.37255,67.15821,52.26798,0.55733,5.42081,5.74721,96.59375,96.59375,0.48917,281.30795,0.59574,40.5,4.633,5.08252,5.72151,20241008,84.37255,67.15821,52.26798
13-Sep-24,0.55938,5.58258,5.96444,96.85156,96.85156,-0.50754,-290.4034,0.57634,37.2,4.546,5.01443,5.74209,20241008,85.21767,68.89565,54.14091,0.55938,5.58258,5.96444,96.85156,96.85156,0.48895,279.76965,0.57634,37.2,4.546,5.01443,5.74209,20241008,85.21767,68.89565,54.14091
16-Sep-24,0.53123,5.45172,5.8735,97.03906,97.03906,-0.50769,-288.63268,0.5562,36.6,4.482,4.94139,5.96071,20241008,81.55807,65.92016,51.80018,0.53123,5.45172,5.8735,97.03906,97.03906,0.48925,278.15028,0.5562,36.6,4.482,4.94139,5.96071,20241008,81.55807,65.92016,51.80018
17-Sep-24,0.50994,5.40839,5.7894,96.96094,96.96094,-0.50718,-289.97423,0.54183,35.9,4.498,4.96273,5.90957,20241008,77.76458,62.43293,48.85722,0.50994,5.40839,5.7894,96.96094,96.96094,0.48991,280.09947,0.54183,35.9,4.498,4.96273,5.90957,20241008,77.76458,62.43293,48.85722
18-Sep-24,0.48867,5.37018,5.65754,96.84375,96.84375,-0.50626,-293.74538,0.53119,33.7,4.573,5.03941,5.77086,20241008,73.2611,57.94265,44.94012,0.48867,5.37018,5.65754,96.84375,96.84375,0.49103,284.90774,0.53119,33.7,4.573,5.03941,5.77086,20241008,73.2611,57.94265,44.94012
19-Sep-24,0.47317,5.40226,5.61835,96.71875,96.71875,-0.50557,-296.77423,0.51769,31.9,4.65,5.10721,5.60571,20241008,69.98792,54.63449,42.00577,0.47317,5.40226,5.61835,96.71875,96.71875,0.49187,288.73051,0.51769,31.9,4.65,5.10721,5.60571,20241008,69.98792,54.63449,42.00577
20-Sep-24,0.45621,5.42842,5.64895,96.57812,96.57812,-0.50555,-296.14776,0.49699,36.6,4.706,5.15188,5.49696,20241008,67.6773,53.19782,41.08195,0.45621,5.42842,5.64895,96.57812,96.57812,0.49203,288.23246,0.49699,36.6,4.706,5.15188,5.49696,20241008,67.6773,53.19782,41.08195
23-Sep-24,0.4355,5.41949,5.61427,96.41406,96.41406,-0.50538,-296.88492,0.47757,39.1,4.753,5.19023,5.40255,20241008,64.39648,50.64158,39.12453,0.4355,5.41949,5.61427,96.41406,96.41406,0.4926,289.3759,0.47757,39.1,4.753,5.19023,5.40255,20241008,64.39648,50.64158,39.12453
24-Sep-24,0.40953,5.34042,5.59684,96.48438,96.48438,-0.50548,-293.73333,0.45072,38,4.737,5.18047,5.08613,20241008,61.25853,48.16916,37.21133,0.40953,5.34042,5.59684,96.48438,96.48438,0.49264,286.27583,0.45072,38,4.737,5.18047,5.08613,20241008,61.25853,48.16916,37.21133
25-Sep-24,0.38785,5.34827,5.53481,96.16406,96.16406,-0.50492,-296.14654,0.4316,41,4.868,5.30533,5.22489,20241008,57.38031,45.13262,34.88425,0.38785,5.34827,5.53481,96.16406,96.16406,0.49334,289.35324,0.4316,41,4.868,5.30533,5.22489,20241008,57.38031,45.13262,34.88425
26-Sep-24,0.36626,5.35665,5.53279,96.15625,96.15625,-0.5047,-296.56664,0.40741,38.2,4.785,5.26239,5.28188,20241008,54.03145,42.58677,32.95067,0.36626,5.35665,5.53279,96.15625,96.15625,0.49369,290.09704,0.40741,38.2,4.785,5.26239,5.28188,20241008,54.03145,42.58677,32.95067
27-Sep-24,0.36949,5.76508,5.96397,96.34375,96.34375,-0.50496,-296.83518,0.38184,37.9,4.725,5.20346,5.20021,20241008,54.60564,43.26496,33.58178,0.36949,5.76508,5.96397,96.34375,96.34375,0.49356,290.13157,0.38184,37.9,4.725,5.20346,5.20021,20241008,54.60564,43.26496,33.58178
30-Sep-24,0.34965,5.91327,6.02497,95.96875,95.96875,-0.50453,-299.95283,0.35786,41.7,4.844,5.29501,5.40691,20241008,50.93458,40.4172,31.40834,0.34965,5.91327,6.02497,95.96875,95.96875,0.49439,293.92615,0.35786,41.7,4.844,5.29501,5.40691,20241008,50.93458,40.4172,31.40834
1-Oct-24,0.33032,6.09837,6.31466,96.28906,96.28906,-0.50494,-296.37637,0.32276,40.3,4.702,5.18425,5.24104,20241008,48.88335,39.19082,30.64958,0.33032,6.09837,6.31466,96.28906,96.28906,0.49412,290.0239,0.32276,40.3,4.702,5.18425,5.24104,20241008,48.88335,39.19082,30.64958
2-Oct-24,0.29798,6.15773,6.30821,96.16406,96.16406,-0.50427,-298.77939,0.29135,38,4.744,5.22801,5.10643,20241008,43.60819,34.91982,27.3011,0.29798,6.15773,6.30821,96.16406,96.16406,0.49493,293.24487,0.29135,38,4.744,5.22801,5.10643,20241008,43.60819,34.91982,27.3011
3-Oct-24,0.28852,6.91971,6.9594,95.66406,95.66406,-0.5038,-302.47582,0.25458,41.9,4.894,5.35085,5.65118,20241008,41.51918,33.52235,26.33822,0.28852,6.91971,6.9594,95.66406,95.66406,0.49552,297.50407,0.25458,41.9,4.894,5.35085,5.65118,20241008,41.51918,33.52235,26.33822
4-Oct-24,0.20333,6.02836,5.8653,94.76562,94.76562,-0.50214,-308.70506,0.21407,43.7,5.041,5.51284,6.01812,20241008,28.34947,22.29248,17.23179,0.20333,6.02836,5.8653,94.76562,94.76562,0.49733,305.74929,0.21407,43.7,5.041,5.51284,6.01812,20241008,28.34947,22.29248,17.23179
7-Oct-24,0.13913,5.84804,5.62965,94.49219,94.49219,-0.50149,-310.70888,0.15282,43.8,5.088,5.50739,5.9912,20241008,19.19716,14.90738,11.42954,0.13913,5.84804,5.62965,94.49219,94.49219,0.49837,308.77484,0.15282,43.8,5.088,5.50739,5.9912,20241008,19.19716,14.90738,11.42954
8-Oct-24,0.82318,7.57136,7.38564,94.60156,94.60156,-0.49984,-305.97183,0.69647,40.9,5.086,5.50477,5.97788,20241107,112.20292,86.5427,66.08158,0.82318,7.57136,7.38564,94.60156,94.60156,0.49614,303.70165,0.69647,40.9,5.086,5.50477,5.97788,20241107,112.20292,86.5427,66.08158
9-Oct-24,0.8113,7.66239,7.4196,94.39062,94.39062,-0.49941,-307.27974,0.68256,43.6,5.124,5.52457,5.98361,20241107,109.84011,84.69307,64.66563,0.8113,7.66239,7.4196,94.39062,94.39062,0.4967,305.61318,0.68256,43.6,5.124,5.52457,5.98361,20241107,109.84011,84.69307,64.66563
10-Oct-24,0.77417,7.51184,7.22839,94.25,94.25,-0.49884,-308.39566,0.66801,44.6,5.199,5.57683,5.96391,20241107,104.28278,79.90051,60.74115,0.77417,7.51184,7.22839,94.25,94.25,0.49741,307.5139,0.66801,44.6,5.199,5.57683,5.96391,20241107,104.28278,79.90051,60.74115
11-Oct-24,0.75722,7.53705,7.28815,94.38281,94.38281,-0.49909,-307.48351,0.64934,44.2,5.178,5.57121,6.02785,20241107,102.54849,78.69585,59.88684,0.75722,7.53705,7.28815,94.38281,94.38281,0.49729,306.37333,0.64934,44.2,5.178,5.57121,6.02785,20241107,102.54849,78.69585,59.88684
15-Oct-24,0.69393,7.09707,6.89343,94.46875,94.46875,-0.49922,-306.46802,0.62927,45.4,5.134,5.55619,5.75078,20241107,94.45964,72.49821,55.17605,0.69393,7.09707,6.89343,94.46875,94.46875,0.4977,305.53473,0.62927,45.4,5.134,5.55619,5.75078,20241107,94.45964,72.49821,55.17605
16-Oct-24,0.76356,8.03646,7.84905,94.60938,94.60938,-0.50008,-305.76518,0.60939,44.2,5.099,5.53199,5.7515,20241107,104.36374,79.22943,59.85359,0.76356,8.03646,7.84905,94.60938,94.60938,0.49696,303.85686,0.60939,44.2,5.099,5.53199,5.7515,20241107,104.36374,79.22943,59.85359
17-Oct-24,0.75982,8.30631,7.97076,94.0625,94.0625,-0.49917,-308.84281,0.59743,47.2,5.271,5.65204,5.87041,20241107,102.29813,77.53589,58.501,0.75982,8.30631,7.97076,94.0625,94.0625,0.49801,308.12333,0.59743,47.2,5.271,5.65204,5.87041,20241107,102.29813,77.53589,58.501
18-Oct-24,0.72915,8.24425,7.93,94.125,94.125,-0.49917,-308.31644,0.57518,48,5.268,5.64821,5.90816,20241107,98.45621,74.954,56.72536,0.72915,8.24425,7.93,94.125,94.125,0.49814,307.67902,0.57518,48,5.268,5.64821,5.90816,20241107,98.45621,74.954,56.72536
21-Oct-24,0.70625,8.35267,7.85337,93.34375,93.34375,-0.49814,-312.15651,0.56189,52,5.452,5.78955,6.29724,20241107,93.57131,71.44505,54.18705,0.70625,8.35267,7.85337,93.34375,93.34375,0.49957,313.05146,0.56189,52,5.452,5.78955,6.29724,20241107,93.57131,71.44505,54.18705
22-Oct-24,0.68901,8.49673,7.95111,93.16406,93.16406,-0.49797,-312.92255,0.54078,53.4,5.473,5.81757,6.44174,20241107,90.94389,69.69888,53.00307,0.68901,8.49673,7.95111,93.16406,93.16406,0.49988,314.12556,0.54078,53.4,5.473,5.81757,6.44174,20241107,90.94389,69.69888,53.00307
23-Oct-24,0.77706,10.04192,9.34589,92.84375,92.84375,-0.49838,-313.81291,0.52123,55.2,5.512,5.98842,6.49052,20241107,102.08393,76.49751,57.27465,0.77706,10.04192,9.34589,92.84375,92.84375,0.4996,314.58456,0.52123,55.2,5.512,5.98842,6.49052,20241107,102.08393,76.49751,57.27465
24-Oct-24,0.74349,10.04187,9.4148,93.15625,93.15625,-0.49881,-312.83268,0.49535,54.2,5.469,5.99797,6.53779,20241107,98.27411,73.38964,54.80835,0.74349,10.04187,9.4148,93.15625,93.15625,0.49931,313.14677,0.49535,54.2,5.469,5.99797,6.53779,20241107,98.27411,73.38964,54.80835
25-Oct-24,0.70488,10.06534,9.3687,92.86719,92.86719,-0.49861,-314.00369,0.47127,57.1,5.549,6.03721,6.53632,20241107,92.69529,69.90234,52.56934,0.70488,10.06534,9.3687,92.86719,92.86719,0.49964,314.65305,0.47127,57.1,5.549,6.03721,6.53632,20241107,92.69529,69.90234,52.56934
28-Oct-24,0.66118,10.04117,9.27496,92.57812,92.57812,-0.4986,-315.42384,0.44587,59.4,5.6,6.07891,6.5081,20241107,86.42757,65.47594,49.40842,0.66118,10.04117,9.27496,92.57812,92.57812,0.50006,316.34615,0.44587,59.4,5.6,6.07891,6.5081,20241107,86.42757,65.47594,49.40842
29-Oct-24,0.62279,10.09525,9.40873,92.71094,92.71094,-0.49908,-313.36737,0.41346,57.5,5.568,6.18092,6.68417,20241107,82.10466,62.06794,46.76929,0.62279,10.09525,9.40873,92.71094,92.71094,0.49971,313.75789,0.41346,57.5,5.568,6.18092,6.68417,20241107,82.10466,62.06794,46.76929
30-Oct-24,0.6793,11.90009,11.10401,92.64844,92.64844,-0.50008,-313.40962,0.38418,59.4,5.527,6.14788,6.58166,20241107,89.66171,66.25605,49.12067,0.6793,11.90009,11.10401,92.64844,92.64844,0.49884,312.63356,0.38418,59.4,5.527,6.14788,6.58166,20241107,89.66171,66.25605,49.12067
31-Oct-24,0.65766,12.64434,11.75605,92.46094,92.46094,-0.50043,-314.12591,0.35188,61.6,5.556,6.18382,6.73447,20241107,86.61462,63.37477,46.64625,0.65766,12.64434,11.75605,92.46094,92.46094,0.49862,312.98963,0.35188,61.6,5.556,6.18382,6.73447,20241107,86.61462,63.37477,46.64625
1-Nov-24,0.61268,13.21389,12.15927,92.14062,92.14062,-0.5003,-316.20517,0.31528,61.7,5.623,6.24189,6.55438,20241107,79.96973,58.76037,43.37978,0.61268,13.21389,12.15927,92.14062,92.14062,0.4989,315.31672,0.31528,61.7,5.623,6.24189,6.55438,20241107,79.96973,58.76037,43.37978
4-Nov-24,0.50289,12.48388,11.5565,92.39844,92.39844,-0.50064,-315.40912,0.26995,61.3,5.559,6.18921,6.35707,20241107,66.01236,48.54888,35.8684,0.50289,12.48388,11.5565,92.39844,92.39844,0.49896,314.35463,0.26995,61.3,5.559,6.18921,6.35707,20241107,66.01236,48.54888,35.8684
5-Nov-24,0.44518,13.48306,12.54466,92.74219,92.74219,-0.50104,-315.23796,0.22027,57.3,5.48,6.19226,6.54507,20241107,58.54589,41.86043,30.3028,0.44518,13.48306,12.54466,92.74219,92.74219,0.4987,313.76639,0.22027,57.3,5.48,6.19226,6.54507,20241107,58.54589,41.86043,30.3028
6-Nov-24,0.16473,7.09822,6.46282,92.17188,92.17188,-0.49952,-319.18667,0.16086,53.6,5.63,6.20348,5.76118,20241107,21.20717,15.89428,11.90402,0.16473,7.09822,6.46282,92.17188,92.17188,0.50034,319.70957,0.16086,53.6,5.63,6.20348,5.76118,20241107,21.20717,15.89428,11.90402
7-Nov-24,0.75043,7.58914,7.05011,92.89062,92.89062,-0.49675,-313.5257,0.70917,47.8,5.521,6.07424,6.14603,20241205,92.41875,71.1836,54.34028,0.75043,7.58914,7.05011,92.89062,92.89062,0.49967,315.36669,0.70917,47.8,5.521,6.07424,6.14603,20241205,92.41875,71.1836,54.34028
8-Nov-24,0.72972,7.58299,7.06356,93.00781,93.00781,-0.49685,-313.13025,0.68843,46.3,5.444,6.00476,6.05722,20241205,90.01859,69.34542,52.94645,0.72972,7.58299,7.06356,93.00781,93.00781,0.49971,314.93339,0.68843,46.3,5.444,6.00476,6.05722,20241205,90.01859,69.34542,52.94645
12-Nov-24,0.68988,7.45291,6.8135,92.17188,92.17188,-0.49629,-315.82979,0.67492,53.2,5.616,5.99329,6.18985,20241205,83.90661,64.31236,48.94002,0.68988,7.45291,6.8135,92.17188,92.17188,0.50078,318.68562,0.67492,53.2,5.616,5.99329,6.18985,20241205,83.90661,64.31236,48.94002
13-Nov-24,N/A,N/A,N/A,N/A,N/A,N/A,N/A,N/A,52.3,5.644,6.04804,6.15595,N/A,N/A,N/A,N/A,0.62378,6.9577,6.35343,92.1875,92.1875,0.50115,319.34648,0.65494,52.3,5.644,6.04804,6.15595,20241205,75.83886,57.82802,43.84835
14-Nov-24,0.59273,6.83389,6.25945,92.30469,92.30469,-0.49612,-315.57535,0.63228,52.2,5.587,6.00261,6.20485,20241205,72.25234,54.91922,41.54863,0.59273,6.83389,6.25945,92.30469,92.30469,0.50121,318.81287,0.63228,52.2,5.587,6.00261,6.20485,20241205,72.25234,54.91922,41.54863
15-Nov-24,0.61043,7.32376,6.68727,92.03906,92.03906,-0.49624,-315.72885,0.60926,56.1,5.625,6.02822,6.15216,20241205,74.36474,57.22589,43.66438,0.61043,7.32376,6.68727,92.03906,92.03906,0.50121,318.88898,0.60926,56.1,5.625,6.02822,6.15216,20241205,74.36474,57.22589,43.66438
18-Nov-24,0.55799,6.96465,6.36177,92.04688,92.04688,-0.49631,-315.67796,0.58552,57.1,5.629,6.02728,6.07476,20241205,68.05539,52.20571,39.74682,0.55799,6.96465,6.36177,92.04688,92.04688,0.50153,318.99665,0.58552,57.1,5.629,6.02728,6.07476,20241205,68.05539,52.20571,39.74682
19-Nov-24,0.52629,6.85322,6.28177,92.14062,92.14062,-0.49645,-314.99431,0.55935,58.7,5.606,5.99641,6.01975,20241205,64.4378,49.47619,37.69398,0.52629,6.85322,6.28177,92.14062,92.14062,0.50151,318.20459,0.55935,58.7,5.606,5.99641,6.01975,20241205,64.4378,49.47619,37.69398
20-Nov-24,0.51554,7.04603,6.4328,92.0625,92.0625,-0.49648,-316.00168,0.53458,56.8,5.617,5.99982,5.75774,20241205,62.82765,48.13319,36.61917,0.51554,7.04603,6.4328,92.0625,92.0625,0.50161,319.26922,0.53458,56.8,5.617,5.99982,5.75774,20241205,62.82765,48.13319,36.61917
21-Nov-24,0.46568,6.71084,6.10896,92.02344,92.02344,-0.50093,-319.63261,0.50884,54.5,5.614,5.99546,5.71738,20241205,56.58462,43.13033,32.69167,0.46568,6.71084,6.10896,92.02344,92.02344,0.49728,317.30224,0.50884,54.5,5.614,5.99546,5.71738,20241205,56.58462,43.13033,32.69167
22-Nov-24,0.46968,7.16287,6.5456,92.21875,92.21875,-0.50115,-319.22161,0.47875,52.6,5.564,5.92714,5.68941,20241205,57.20186,44.32263,33.97725,0.46968,7.16287,6.5456,92.21875,92.21875,0.49719,316.69366,0.47875,52.6,5.564,5.92714,5.68941,20241205,57.20186,44.32263,33.97725
25-Nov-24,0.41652,6.72483,6.27684,93.08594,93.08594,-0.50171,-315.82111,0.44266,48.7,5.376,5.76141,5.70106,20241205,51.64415,40.21047,30.92208,0.41652,6.72483,6.27684,93.08594,93.08594,0.49701,312.86342,0.44266,48.7,5.376,5.76141,5.70106,20241205,51.64415,40.21047,30.92208
26-Nov-24,0.38304,6.69581,6.19986,92.85156,92.85156,-0.50146,-317.4003,0.41218,48.9,5.456,5.75606,5.6636,20241205,47.13319,36.67077,28.18737,0.38304,6.69581,6.19986,92.85156,92.85156,0.49739,314.82884,0.41218,48.9,5.456,5.75606,5.6636,20241205,47.13319,36.67077,28.18737
27-Nov-24,0.34345,6.54521,6.12788,93.28906,93.28906,-0.50163,-315.49613,0.37295,36.4,5.654,5.66911,5.6876,20241205,42.68012,33.46706,25.86193,0.34345,6.54521,6.12788,93.28906,93.28906,0.49735,312.79891,0.37295,36.4,5.654,5.66911,5.6876,20241205,42.68012,33.46706,25.86193
29-Nov-24,0.32513,6.90541,6.51458,93.5625,93.5625,-0.50188,-314.17377,0.33324,36,5.592,5.59514,5.67472,20241205,40.67802,32.25188,25.09345,0.32513,6.90541,6.51458,93.5625,93.5625,0.49735,311.33696,0.33324,36,5.592,5.59514,5.67472,20241205,40.67802,32.25188,25.09345
2-Dec-24,0.28008,6.86783,6.4724,93.53906,93.53906,-0.50183,-314.38706,0.28876,36.1,5.586,5.57719,5.68487,20241205,34.99773,27.7047,21.53623,0.28008,6.86783,6.4724,93.53906,93.53906,0.49779,311.85842,0.28876,36.1,5.586,5.57719,5.68487,20241205,34.99773,27.7047,21.53623
3-Dec-24,0.21933,6.59883,6.19124,93.35938,93.35938,-0.50146,-314.95494,0.23616,38.1,5.664,5.63725,5.67098,20241205,27.32894,21.56487,16.7304,0.21933,6.59883,6.19124,93.35938,93.35938,0.49828,312.95853,0.23616,38.1,5.664,5.63725,5.67098,20241205,27.32894,21.56487,16.7304
4-Dec-24,0.13408,5.68858,5.3697,93.61719,93.61719,-0.50101,-313.62817,0.16704,37.3,5.622,5.60655,5.76639,20241205,16.79521,13.30643,10.34737,0.13408,5.68858,5.3697,93.61719,93.61719,0.49887,312.28985,0.16704,37.3,5.622,5.60655,5.76639,20241205,16.79521,13.30643,10.34737
5-Dec-24,0.69669,6.47068,6.15842,93.69141,93.69141,-0.50189,-311.85314,0.75168,36.6,5.6,5.57254,5.80219,20250107,87.78268,69.4271,53.90376,0.69669,6.47068,6.15842,93.69141,93.69141,0.494,306.95349,0.75168,36.6,5.6,5.57254,5.80219,20250107,87.78268,69.4271,53.90376
6-Dec-24,0.63163,5.99091,5.73752,93.99609,93.99609,-0.5018,-310.86525,0.73198,34.9,5.577,5.84231,5.80058,20250107,80.00362,62.61911,48.28308,0.63163,5.99091,5.73752,93.99609,93.99609,0.49423,306.17805,0.73198,34.9,5.577,5.84231,5.80058,20250107,80.00362,62.61911,48.28308
9-Dec-24,0.61191,5.97025,5.66864,93.71484,93.71484,-0.50182,-312.62941,0.7184,36.2,5.629,5.90035,6.32123,20250107,76.94252,60.30111,46.53102,0.61191,5.97025,5.66864,93.71484,93.71484,0.4946,308.13173,0.7184,36.2,5.629,5.90035,6.32123,20250107,76.94252,60.30111,46.53102
10-Dec-24,0.60968,6.11712,5.79159,93.61719,93.61719,-0.50177,-313.16301,0.70054,35.9,5.64,5.91237,6.04056,20250107,76.4496,59.81354,46.11265,0.60968,6.11712,5.79159,93.61719,93.61719,0.49477,308.79592,0.70054,35.9,5.64,5.91237,6.04056,20250107,76.4496,59.81354,46.11265
11-Dec-24,0.5652,5.85097,5.48814,93.35156,93.35156,-0.50124,-314.87222,0.68592,36.8,5.736,5.98583,6.04425,20250107,70.2723,55.01332,42.4275,0.5652,5.85097,5.48814,93.35156,93.35156,0.49544,311.22681,0.68592,36.8,5.736,5.98583,6.04425,20250107,70.2723,55.01332,42.4275
12-Dec-24,0.56069,6.01092,5.57866,92.90625,92.90625,-0.50096,-316.53616,0.66965,38,5.819,6.07489,5.95899,20250107,69.13528,54.14505,41.77205,0.56069,6.01092,5.57866,92.90625,92.90625,0.49585,313.30426,0.66965,38,5.819,6.07489,5.95899,20250107,69.13528,54.14505,41.77205
13-Dec-24,0.56049,6.24122,5.72117,92.36719,92.36719,-0.50066,-318.42794,0.65301,40.3,5.909,6.17342,6.1447,20250107,68.42627,53.47748,41.20773,0.56049,6.24122,5.72117,92.36719,92.36719,0.49627,315.6351,0.65301,40.3,5.909,6.17342,6.1447,20250107,68.42627,53.47748,41.20773
16-Dec-24,0.53964,6.21388,5.69552,92.42188,92.42188,-0.50076,-318.70814,0.63164,38.7,5.885,6.15537,6.18248,20250107,65.81274,51.20033,39.33297,0.53964,6.21388,5.69552,92.42188,92.42188,0.49656,316.03883,0.63164,38.7,5.885,6.15537,6.18248,20250107,65.81274,51.20033,39.33297
17-Dec-24,0.51206,6.11961,5.61167,92.39844,92.39844,-0.50074,-318.47265,0.60863,40.4,5.873,6.16257,6.12111,20250107,62.51819,48.4244,37.09332,0.51206,6.11961,5.61167,92.39844,92.39844,0.4967,315.90265,0.60863,40.4,5.873,6.16257,6.12111,20250107,62.51819,48.4244,37.09332
18-Dec-24,0.4872,6.10951,5.5063,91.64062,91.64062,-0.50029,-321.08635,0.59059,43.2,5.987,6.28509,6.27076,20250107,58.60173,44.84522,34.07952,0.4872,6.10951,5.5063,91.64062,91.64062,0.49729,319.15828,0.59059,43.2,5.987,6.28509,6.27076,20250107,58.60173,44.84522,34.07952
19-Dec-24,0.51863,6.82511,6.09218,91.19531,91.19531,-0.50024,-322.59159,0.56819,44.1,6.078,6.42679,6.35847,20250107,61.91351,46.7817,35.23162,0.51863,6.82511,6.09218,91.19531,91.19531,0.49747,320.80693,0.56819,44.1,6.078,6.42679,6.35847,20250107,61.91351,46.7817,35.23162
20-Dec-24,0.51392,7.06462,6.35005,91.55469,91.55469,-0.50047,-321.76365,0.54004,41.2,6.006,6.33754,6.43046,20250107,61.67187,46.6972,35.21839,0.51392,7.06462,6.35005,91.55469,91.55469,0.49736,319.76255,0.54004,41.2,6.006,6.33754,6.43046,20250107,61.67187,46.6972,35.21839
23-Dec-24,0.49132,7.15214,6.3623,91.10156,91.10156,-0.50036,-323.43828,0.51557,41.4,6.089,6.42315,6.43901,20250107,58.44017,44.1084,33.19064,0.49132,7.15214,6.3623,91.10156,91.10156,0.49784,321.80894,0.51557,41.4,6.089,6.42315,6.43901,20250107,58.44017,44.1084,33.19064
24-Dec-24,0.4651,7.17417,6.39267,91.17969,91.17969,-0.50046,-323.23703,0.4859,42.4,6.084,6.42007,6.41135,20250107,55.41559,41.68916,31.29642,0.4651,7.17417,6.39267,91.17969,91.17969,0.49785,321.55029,0.4859,42.4,6.084,6.42007,6.41135,20250107,55.41559,41.68916,31.29642
26-Dec-24,0.44191,7.27908,6.49283,91.25781,91.25781,-0.50059,-323.26563,0.45463,41.7,6.082,6.40273,6.71969,20250107,52.68048,39.44942,29.51463,0.44191,7.27908,6.49283,91.25781,91.25781,0.49795,321.56239,0.45463,41.7,6.082,6.40273,6.71969,20250107,52.68048,39.44942,29.51463
27-Dec-24,0.42056,7.49494,6.65432,91.09375,91.09375,-0.50054,-324.15532,0.42214,N/A,N/A,6.44753,6.67062,20250107,49.91153,37.68459,28.36108,0.42056,7.49494,6.65432,91.09375,91.09375,0.49813,322.59826,0.42214,N/A,N/A,6.44753,6.67062,20250107,49.91153,37.68459,28.36108
30-Dec-24,0.35998,6.98794,6.2657,91.57812,91.57812,-0.49594,-319.71352,0.38424,39.6,6.045,6.45279,6.63093,20250107,43.0682,32.42902,24.35643,0.35998,6.98794,6.2657,91.57812,91.57812,0.5031,324.33063,0.38424,39.6,6.045,6.45279,6.63093,20250107,43.0682,32.42902,24.35643
31-Dec-24,0.31622,6.88277,6.14238,91.30469,91.30469,-0.49643,-320.58401,0.34443,42,6.147,6.32653,6.73775,20250107,37.73399,28.59856,21.58073,0.31622,6.88277,6.14238,91.30469,91.30469,0.50273,324.64875,0.34443,42,6.147,6.32653,6.73775,20250107,37.73399,28.59856,21.58073
2-Jan-25,0.27236,6.84003,6.10795,91.35156,91.35156,-0.49709,-320.97879,0.29834,N/A,N/A,6.32456,6.76016,20250107,32.51686,24.72953,18.70457,0.27236,6.84003,6.10795,91.35156,91.35156,0.50231,324.35109,0.29834,N/A,N/A,6.32456,6.76016,20250107,32.51686,24.72953,18.70457
3-Jan-25,0.23669,7.29295,6.49102,91.17969,91.17969,-0.49778,-321.87601,0.24349,N/A,N/A,6.33187,6.75188,20250107,28.18891,21.62508,16.45815,0.23669,7.29295,6.49102,91.17969,91.17969,0.50174,324.43867,0.24349,N/A,N/A,6.33187,6.75188,20250107,28.18891,21.62508,16.45815
6-Jan-25,0.15402,6.71754,5.95547,91.0625,91.0625,-0.49855,-323.22487,0.17303,N/A,N/A,6.35926,6.78374,20250107,18.26631,13.92798,10.55535,0.15402,6.71754,5.95547,91.0625,91.0625,0.50133,325.02903,0.17303,N/A,N/A,6.35926,6.78374,20250107,18.26631,13.92798,10.55535
7-Jan-25,0.79736,7.65124,6.75284,90.63672,90.63672,-0.49247,-319.22227,0.7887,N/A,N/A,6.42902,6.69847,20250206,94.09366,72.55623,55.44866,0.79736,7.65124,6.75284,90.63672,90.63672,0.50396,326.6674,0.7887,N/A,N/A,6.42902,6.69847,20250206,94.09366,72.55623,55.44866
8-Jan-25,0.79017,7.7823,6.85299,90.47656,90.47656,-0.49248,-319.38266,0.77024,N/A,N/A,6.45749,6.52679,20250206,93.19426,71.40684,54.32763,0.79017,7.7823,6.85299,90.47656,90.47656,0.50407,326.9022,0.77024,N/A,N/A,6.45749,6.52679,20250206,93.19426,71.40684,54.32763
9-Jan-25,0.77222,7.79135,6.87534,90.60156,90.60156,-0.49256,-319.20718,0.75035,N/A,N/A,6.4565,6.5809,20250206,91.23642,69.97715,53.27679,0.77222,7.79135,6.87534,90.60156,90.60156,0.50411,326.69327,0.75035,N/A,N/A,6.4565,6.5809,20250206,91.23642,69.97715,53.27679
10-Jan-25,0.74434,7.78474,6.77238,89.78906,89.78906,-0.49221,-320.65721,0.73462,N/A,N/A,6.50336,6.88744,20250206,87.00766,66.64546,50.71088,0.74434,7.78474,6.77238,89.78906,89.78906,0.50457,328.70752,0.73462,N/A,N/A,6.50336,6.88744,20250206,87.00766,66.64546,50.71088
13-Jan-25,0.73162,7.88995,6.83211,89.57031,89.57031,-0.49221,-321.36466,0.71591,N/A,N/A,6.53731,6.93834,20250206,85.18723,65.34229,49.76603,0.73162,7.88995,6.83211,89.57031,89.57031,0.50493,329.66717,0.71591,N/A,N/A,6.53731,6.93834,20250206,85.18723,65.34229,49.76603
14-Jan-25,0.70074,7.77099,6.74637,89.77344,89.77344,-0.49226,-321.30383,0.69451,N/A,N/A,6.53664,6.97372,20250206,81.69579,62.63434,47.68588,0.70074,7.77099,6.74637,89.77344,89.77344,0.50499,329.61249,0.69451,N/A,N/A,6.53664,6.97372,20250206,81.69579,62.63434,47.68588
15-Jan-25,0.63696,7.21404,6.37065,90.77344,90.77344,-0.49263,-319.61986,0.6685,N/A,N/A,6.39101,7.14646,20250206,75.19284,57.34423,43.49132,0.63696,7.21404,6.37065,90.77344,90.77344,0.50475,327.48908,0.6685,N/A,N/A,6.39101,7.14646,20250206,75.19284,57.34423,43.49132
16-Jan-25,0.60517,7.06637,6.28057,91.125,91.125,-0.49279,-318.90627,0.64434,N/A,N/A,6.3227,7.15393,20250206,71.79363,54.94643,41.76868,0.60517,7.06637,6.28057,91.125,91.125,0.5047,326.61281,0.64434,N/A,N/A,6.3227,7.15393,20250206,71.79363,54.94643,41.76868
17-Jan-25,0.61495,7.45525,6.61797,91.07031,91.07031,-0.49285,-319.1456,0.62135,N/A,N/A,6.29788,7.18994,20250206,72.83968,55.90213,42.58197,0.61495,7.45525,6.61797,91.07031,91.07031,0.50477,326.86703,0.62135,N/A,N/A,6.29788,7.18994,20250206,72.83968,55.90213,42.58197
21-Jan-25,0.57645,7.25599,6.46472,91.25,91.25,-0.49315,-318.80132,0.59633,N/A,N/A,6.23646,7.19313,20250206,68.48654,52.24152,39.62538,0.57645,7.25599,6.46472,91.25,91.25,0.50494,326.4248,0.59633,N/A,N/A,6.23646,7.19313,20250206,68.48654,52.24152,39.62538
22-Jan-25,0.53234,7.00396,6.22708,91.17188,91.17188,-0.49316,-319.20674,0.57173,N/A,N/A,6.24764,7.24443,20250206,63.13188,48.2142,36.60768,0.53234,7.00396,6.22708,91.17188,91.17188,0.50504,326.8979,0.57173,N/A,N/A,6.24764,7.24443,20250206,63.13188,48.2142,36.60768
23-Jan-25,0.50231,6.94907,6.1499,90.92969,90.92969,-0.49327,-319.9012,0.54643,N/A,N/A,6.32012,7.21325,20250206,59.41574,45.0489,34.0223,0.50231,6.94907,6.1499,90.92969,90.92969,0.50505,327.53579,0.54643,N/A,N/A,6.32012,7.21325,20250206,59.41574,45.0489,34.0223
24-Jan-25,0.49191,7.16818,6.35048,90.98438,90.98438,-0.49365,-320.00166,0.51821,N/A,N/A,6.30714,7.30923,20250206,58.2423,44.35823,33.60921,0.49191,7.16818,6.35048,90.98438,90.98438,0.50479,327.22231,0.51821,N/A,N/A,6.30714,7.30923,20250206,58.2423,44.35823,33.60921
27-Jan-25,0.47589,7.3037,6.55246,91.59375,91.59375,-0.49451,-318.66994,0.4858,N/A,N/A,6.22023,7.18738,20250206,56.95684,43.30926,32.77309,0.47589,7.3037,6.55246,91.59375,91.59375,0.50429,324.97426,0.4858,N/A,N/A,6.22023,7.18738,20250206,56.95684,43.30926,32.77309
28-Jan-25,0.44083,7.2381,6.47762,91.51562,91.51562,-0.4949,-319.43857,0.45525,N/A,N/A,6.2318,7.1552,20250206,52.63319,40.03611,30.30473,0.44083,7.2381,6.47762,91.51562,91.51562,0.50402,325.31993,0.45525,N/A,N/A,6.2318,7.1552,20250206,52.63319,40.03611,30.30473
29-Jan-25,0.38498,6.825,6.10439,91.53906,91.53906,-0.49533,-319.98109,0.42153,N/A,N/A,6.21338,7.23589,20250206,45.91074,34.62303,26.05056,0.38498,6.825,6.10439,91.53906,91.53906,0.50371,325.3937,0.42153,N/A,N/A,6.21338,7.23589,20250206,45.91074,34.62303,26.05056
30-Jan-25,0.34247,6.63527,5.9591,91.74219,91.74219,-0.49593,-319.76418,0.3845,N/A,N/A,6.16832,7.23034,20250206,40.99201,30.86019,23.18672,0.34247,6.63527,5.9591,91.74219,91.74219,0.50323,324.46971,0.3845,N/A,N/A,6.16832,7.23034,20250206,40.99201,30.86019,23.18672
31-Jan-25,0.33512,7.28893,6.49504,91.35938,91.35938,-0.49646,-321.28189,0.34511,N/A,N/A,6.25837,7.18226,20250206,39.86144,30.36846,23.01246,0.33512,7.28893,6.49504,91.35938,91.35938,0.50281,325.38953,0.34511,N/A,N/A,6.25837,7.18226,20250206,39.86144,30.36846,23.01246
3-Feb-25,0.30564,7.66865,6.84742,91.41406,91.41406,-0.49852,-322.14677,0.29823,N/A,N/A,6.20382,7.13165,20250206,36.4408,27.99656,21.34099,0.30564,7.66865,6.84742,91.41406,91.41406,0.50112,323.82304,0.29823,N/A,N/A,6.20382,7.13165,20250206,36.4408,27.99656,21.34099
4-Feb-25,0.23614,7.23962,6.49071,91.61719,91.61719,-0.49892,-321.80929,0.24291,N/A,N/A,6.18896,7.11926,20250206,28.26419,21.65419,16.47417,N/A,N/A,N/A,N/A,N/A,N/A,N/A,N/A,N/A,N/A,6.18896,7.11926,N/A,N/A,N/A,N/A
5-Feb-25,0.15698,6.76708,6.1395,92.13281,92.13281,-0.49944,-320.12931,0.17105,N/A,N/A,6.07043,6.95554,20250206,18.98583,14.35322,10.81707,0.15698,6.76708,6.1395,92.13281,92.13281,0.50044,320.77626,0.17105,N/A,N/A,6.07043,6.95554,20250206,18.98583,14.35322,10.81707
6-Feb-25,0.72835,7.23984,6.56738,91.96484,91.96484,-0.49582,-317.28407,0.73968,N/A,N/A,6.07446,7.07643,20250306,87.8949,67.17521,50.99352,0.72835,7.23984,6.56738,91.96484,91.96484,0.50083,320.48834,0.73968,N/A,N/A,6.07446,7.07643,20250306,87.8949,67.17521,50.99352
7-Feb-25,0.6929,7.09436,6.38333,91.71875,91.71875,-0.49543,-318.76418,0.72452,N/A,N/A,6.07921,6.94108,20250306,82.90462,63.31843,48.04661,0.6929,7.09436,6.38333,91.71875,91.71875,0.50134,322.5675,0.72452,N/A,N/A,6.07921,6.94108,20250306,82.90462,63.31843,48.04661
10-Feb-25,0.64528,6.79416,6.11024,91.74219,91.74219,-0.49544,-319.00739,0.70517,N/A,N/A,6.09195,6.91046,20250306,77.17406,58.80499,44.54665,0.64528,6.79416,6.11024,91.74219,91.74219,0.50169,323.03206,0.70517,N/A,N/A,6.09195,6.91046,20250306,77.17406,58.80499,44.54665
11-Feb-25,0.61241,6.6627,5.95776,91.50781,91.50781,-0.49521,-319.87424,0.68665,N/A,N/A,6.13261,6.46186,20250306,72.87823,55.18,41.61557,0.61241,6.6627,5.95776,91.50781,91.50781,0.50204,324.28342,0.68665,N/A,N/A,6.13261,6.46186,20250306,72.87823,55.18,41.61557
12-Feb-25,0.58914,6.66674,5.87402,90.85156,90.85156,-0.4948,-322.0354,0.67022,N/A,N/A,6.3324,6.59948,20250306,69.16861,51.81743,38.78092,0.58914,6.66674,5.87402,90.85156,90.85156,0.50257,327.09162,0.67022,N/A,N/A,6.3324,6.59948,20250306,69.16861,51.81743,38.78092
13-Feb-25,0.54903,6.38183,5.69464,91.53906,91.53906,-0.49506,-320.56032,0.64443,N/A,N/A,5.9781,6.54336,20250306,65.09376,48.61475,36.30017,0.54903,6.38183,5.69464,91.53906,91.53906,0.50243,325.32675,0.64443,N/A,N/A,5.9781,6.54336,20250306,65.09376,48.61475,36.30017
14-Feb-25,0.53673,6.4516,5.79844,91.85156,91.85156,-0.49532,-319.51616,0.61863,N/A,N/A,5.93504,6.22027,20250306,64.08398,48.02722,35.94984,0.53673,6.4516,5.79844,91.85156,91.85156,0.50229,324.0107,0.61863,N/A,N/A,5.93504,6.22027,20250306,64.08398,48.02722,35.94984
18-Feb-25,0.49804,6.25565,5.57494,91.44531,91.44531,-0.49531,-320.79959,0.5972,N/A,N/A,6.00596,6.13925,20250306,59.06145,44.21574,33.07453,0.49804,6.25565,5.57494,91.44531,91.44531,0.50278,325.63501,0.5972,N/A,N/A,6.00596,6.13925,20250306,59.06145,44.21574,33.07453
19-Feb-25,0.48134,6.30483,5.62555,91.57812,91.57812,-0.4954,-320.93811,0.57187,N/A,N/A,5.99692,6.14208,20250306,57.08408,42.75052,31.98387,0.48134,6.30483,5.62555,91.57812,91.57812,0.5028,325.73106,0.57187,N/A,N/A,5.99692,6.14208,20250306,57.08408,42.75052,31.98387
20-Feb-25,0.44708,6.12867,5.49184,91.76562,91.76562,-0.49564,-320.37142,0.54438,N/A,N/A,5.94268,6.14738,20250306,53.23556,39.81361,29.75751,0.44708,6.12867,5.49184,91.76562,91.76562,0.50269,324.92964,0.54438,N/A,N/A,5.94268,6.14738,20250306,53.23556,39.81361,29.75751
21-Feb-25,0.45496,6.53761,5.92496,92.26562,92.26562,-0.4962,-318.85345,0.5133,N/A,N/A,5.87268,6.17822,20250306,54.72929,41.72439,31.61523,0.45496,6.53761,5.92496,92.26562,92.26562,0.50224,322.73921,0.5133,N/A,N/A,5.87268,6.17822,20250306,54.72929,41.72439,31.61523
24-Feb-25,0.42311,6.43655,5.85139,92.40625,92.40625,-0.49666,-318.65283,0.48338,N/A,N/A,5.84145,6.15972,20250306,51.04839,38.87758,29.43652,0.42311,6.43655,5.85139,92.40625,92.40625,0.50214,322.16891,0.48338,N/A,N/A,5.84145,6.15972,20250306,51.04839,38.87758,29.43652
25-Feb-25,0.4145,6.69948,6.18048,92.96875,92.96875,-0.49742,-316.40743,0.44823,N/A,N/A,5.72897,6.12706,20250306,50.70751,38.35219,28.89702,0.4145,6.69948,6.18048,92.96875,92.96875,0.5015,318.9964,0.44823,N/A,N/A,5.72897,6.12706,20250306,50.70751,38.35219,28.89702
26-Feb-25,0.38791,6.74114,6.27732,93.38281,93.38281,-0.49798,-315.20856,0.41275,N/A,N/A,5.65202,6.13693,20250306,47.81682,36.21776,27.31484,0.38791,6.74114,6.27732,93.38281,93.38281,0.50106,317.16229,0.41275,N/A,N/A,5.65202,6.13693,20250306,47.81682,36.21776,27.31484
27-Feb-25,0.34029,6.48435,6.00921,93.28125,93.28125,-0.49809,-316.45485,0.37868,N/A,N/A,5.69444,6.04945,20250306,41.73571,31.52983,23.73278,0.34029,6.48435,6.00921,93.28125,93.28125,0.50107,318.35104,0.37868,N/A,N/A,5.69444,6.04945,20250306,41.73571,31.52983,23.73278
28-Feb-25,0.3563,7.56003,7.07787,93.64844,93.64844,-0.49893,-315.00803,0.33648,N/A,N/A,5.66987,6.06772,20250306,44.13228,33.6086,25.43764,0.3563,7.56003,7.07787,93.64844,93.64844,0.50035,315.90763,0.33648,N/A,N/A,5.66987,6.06772,20250306,44.13228,33.6086,25.43764
3-Mar-25,0.30229,7.3889,6.95997,93.83594,93.83594,-0.49945,-314.04584,0.29029,N/A,N/A,5.61683,6.01883,20250306,37.67133,28.63854,21.65136,0.30229,7.3889,6.95997,93.83594,93.83594,0.50019,314.5168,0.29029,N/A,N/A,5.61683,6.01883,20250306,37.67133,28.63854,21.65136
4-Mar-25,0.24789,7.43563,6.97511,93.64062,93.64062,-0.49965,-314.81892,0.23748,N/A,N/A,5.69154,5.94397,20250306,30.82137,23.66887,18.02166,0.24789,7.43563,6.97511,93.64062,93.64062,0.50011,315.10763,0.23748,N/A,N/A,5.69154,5.94397,20250306,30.82137,23.66887,18.02166
5-Mar-25,0.16305,6.94714,6.4408,93.21875,93.21875,-0.49965,-317.1037,0.16936,N/A,N/A,5.77178,6.03738,20250306,20.06639,15.30298,11.59453,0.16305,6.94714,6.4408,93.21875,93.21875,0.50023,317.4669,0.16936,N/A,N/A,5.77178,6.03738,20250306,20.06639,15.30298,11.59453
6-Mar-25,0.81131,7.40632,6.90145,93.10547,93.10547,-0.49692,-313.39092,0.75299,N/A,N/A,5.81597,6.03783,20250407,104.10285,80.30439,61.28741,0.81131,7.40632,6.90145,93.10547,93.10547,0.49925,314.86348,0.75299,N/A,N/A,5.81597,6.03783,20250407,104.10285,80.30439,61.28741
7-Mar-25,0.7777,7.27916,6.74292,92.93359,92.93359,-0.49654,-314.4322,0.73935,N/A,N/A,5.8066,6.04156,20250407,99.23767,76.87399,58.83895,0.7777,7.27916,6.74292,92.93359,92.93359,0.49974,316.45685,0.73935,N/A,N/A,5.8066,6.04156,20250407,99.23767,76.87399,58.83895
10-Mar-25,0.76696,7.31568,6.89056,93.41016,93.41016,-0.5,-312.98515,0.71209,N/A,N/A,5.74299,5.80715,20250407,99.64504,77.56309,59.54137,0.76696,7.31568,6.89056,93.41016,93.41016,0.49665,310.8917,0.71209,N/A,N/A,5.74299,5.80715,20250407,99.64504,77.56309,59.54137
11-Mar-25,0.76482,7.52005,6.99604,92.96094,92.96094,-0.4995,-315.03953,0.69975,N/A,N/A,5.8292,5.81496,20250407,98.30198,76.74409,59.0421,0.76482,7.52005,6.99604,92.96094,92.96094,0.49727,313.63557,0.69975,N/A,N/A,5.8292,5.81496,20250407,98.30198,76.74409,59.0421
12-Mar-25,0.71364,7.21617,6.67423,92.85938,92.85938,-0.49901,-316.23107,0.68513,N/A,N/A,5.81665,5.79136,20250407,91.12102,70.18609,53.50589,0.71364,7.21617,6.67423,92.85938,92.85938,0.49788,315.51294,0.68513,N/A,N/A,5.81665,5.79136,20250407,91.12102,70.18609,53.50589
13-Mar-25,0.70373,7.30536,6.79379,93.0625,93.0625,-0.49927,-315.35445,0.66369,N/A,N/A,5.79466,5.78122,20250407,90.33355,69.81748,53.33868,0.70373,7.30536,6.79379,93.0625,93.0625,0.49774,314.3927,0.66369,N/A,N/A,5.79466,5.78122,20250407,90.33355,69.81748,53.33868
14-Mar-25,0.67813,7.26818,6.71758,92.89844,92.89844,-0.49891,-316.5231,0.64717,N/A,N/A,5.79364,5.59552,20250407,86.45938,67.21994,51.57041,0.67813,7.26818,6.71758,92.89844,92.89844,0.49822,316.08535,0.64717,N/A,N/A,5.79364,5.59552,20250407,86.45938,67.21994,51.57041
17-Mar-25,0.61319,6.78185,6.26489,92.94531,92.94531,-0.4988,-316.77365,0.62807,N/A,N/A,5.79184,5.4841,20250407,78.08448,60.44162,46.23388,0.61319,6.78185,6.26489,92.94531,92.94531,0.49869,316.70433,0.62807,N/A,N/A,5.79184,5.4841,20250407,78.08448,60.44162,46.23388
18-Mar-25,0.58562,6.69551,6.20455,93.05469,93.05469,-0.49888,-316.20687,0.60579,N/A,N/A,5.76059,5.45204,20250407,74.81311,57.73949,44.0817,0.58562,6.69551,6.20455,93.05469,93.05469,0.49872,316.10654,0.60579,N/A,N/A,5.76059,5.45204,20250407,74.81311,57.73949,44.0817
19-Mar-25,0.53737,6.35535,5.91744,93.34375,93.34375,-0.49883,-315.64846,0.58303,N/A,N/A,5.74511,5.43024,20250407,68.88931,52.74869,40.04583,0.53737,6.35535,5.91744,93.34375,93.34375,0.4989,315.69354,0.58303,N/A,N/A,5.74511,5.43024,20250407,68.88931,52.74869,40.04583
20-Mar-25,0.52777,6.48553,6.06634,93.49219,93.49219,-0.49903,-314.83336,0.55832,N/A,N/A,5.72157,5.43667,20250407,67.96435,52.37934,39.93775,0.52777,6.48553,6.06634,93.49219,93.49219,0.49882,314.70269,0.55832,N/A,N/A,5.72157,5.43667,20250407,67.96435,52.37934,39.93775
21-Mar-25,0.52758,6.7815,6.33087,93.34375,93.34375,-0.51106,-322.53754,0.53264,N/A,N/A,5.76126,5.46808,20250407,68.0728,52.62031,40.20459,0.52758,6.7815,6.33087,93.34375,93.34375,0.48691,307.29665,0.53264,N/A,N/A,5.76126,5.46808,20250407,68.0728,52.62031,40.20459
24-Mar-25,0.49044,6.64944,6.12339,92.78125,92.78125,-0.51049,-324.63988,0.51265,N/A,N/A,5.83078,5.58921,20250407,62.53973,48.39676,37.01157,0.49044,6.64944,6.12339,92.78125,92.78125,0.48784,310.23506,0.51265,N/A,N/A,5.83078,5.58921,20250407,62.53973,48.39676,37.01157
25-Mar-25,0.46372,6.61751,6.11388,92.90625,92.90625,-0.51022,-323.84931,0.48549,N/A,N/A,5.82306,5.59328,20250407,59.32884,45.58272,34.68827,0.46372,6.61751,6.11388,92.90625,92.90625,0.48822,309.88543,0.48549,N/A,N/A,5.82306,5.59328,20250407,59.32884,45.58272,34.68827
26-Mar-25,0.44791,6.79252,6.25083,92.71875,92.71875,-0.5097,-324.14721,0.45914,N/A,N/A,5.84966,5.56032,20250407,57.13607,43.86162,33.35754,0.44791,6.79252,6.25083,92.71875,92.71875,0.48886,310.88807,0.45914,N/A,N/A,5.84966,5.56032,20250407,57.13607,43.86162,33.35754
27-Mar-25,0.42568,6.919,6.33126,92.46875,92.46875,-0.509,-324.66082,0.431,N/A,N/A,5.91548,5.43863,20250407,54.07344,41.61188,31.69498,0.42568,6.919,6.33126,92.46875,92.46875,0.48968,312.3362,0.431,N/A,N/A,5.91548,5.43863,20250407,54.07344,41.61188,31.69498
28-Mar-25,0.43619,7.60432,7.084,93.10938,93.10938,-0.50904,-321.13658,0.39457,N/A,N/A,5.80217,5.54822,20250407,56.3495,44.08078,33.94771,0.43619,7.60432,7.084,93.10938,93.10938,0.48976,308.97412,0.39457,N/A,N/A,5.80217,5.54822,20250407,56.3495,44.08078,33.94771
31-Mar-25,0.40947,7.81769,7.28534,93.10156,93.10156,-0.50848,-320.64601,0.36048,N/A,N/A,5.78534,5.47721,20250407,52.92001,41.38024,31.85972,0.40947,7.81769,7.28534,93.10156,93.10156,0.49068,309.41732,0.36048,N/A,N/A,5.78534,5.47721,20250407,52.92001,41.38024,31.85972
1-Apr-25,0.36945,7.83841,7.40693,93.65625,93.65625,-0.50795,-317.76776,0.31983,N/A,N/A,5.66569,5.64523,20250407,48.30259,37.68618,28.97509,0.36945,7.83841,7.40693,93.65625,93.65625,0.49133,307.37227,0.31983,N/A,N/A,5.66569,5.64523,20250407,48.30259,37.68618,28.97509
2-Apr-25,0.29507,7.24742,6.79308,93.40625,93.40625,-0.50653,-318.61266,0.27888,N/A,N/A,5.70733,5.64208,20250407,38.27776,29.89977,23.00646,0.29507,7.24742,6.79308,93.40625,93.40625,0.49287,310.01859,0.27888,N/A,N/A,5.70733,5.64208,20250407,38.27776,29.89977,23.00646
3-Apr-25,0.3169,9.45178,9.11464,94.19531,94.19531,-0.50661,-312.35175,0.22203,N/A,N/A,5.58417,5.53849,20250407,42.33215,34.06265,26.70131,0.3169,9.45178,9.11464,94.19531,94.19531,0.49291,303.90023,0.22203,N/A,N/A,5.58417,5.53849,20250407,42.33215,34.06265,26.70131
4-Apr-25,0.19244,8.09941,7.919,94.39062,94.39062,-0.50465,-307.51147,0.15631,N/A,N/A,5.58417,5.41877,20250407,26.11912,20.40819,15.69644,0.19244,8.09941,7.919,94.39062,94.39062,0.495,301.63157,0.15631,N/A,N/A,5.58417,5.41877,20250407,26.11912,20.40819,15.69644
7-Apr-25,0.92446,8.8464,8.47437,93.12109,93.12109,-0.51458,-315.7347,0.68813,N/A,N/A,5.84244,5.67439,20250506,123.97601,97.64633,75.44315,0.92446,8.8464,8.47437,93.12109,93.12109,0.48196,295.72321,0.68813,N/A,N/A,5.84244,5.67439,20250506,123.97601,97.64633,75.44315
8-Apr-25,0.92841,9.19542,8.66974,92.29688,92.29688,-0.51402,-317.61389,0.67603,N/A,N/A,6.06588,5.95302,20250506,123.42883,96.92343,74.72739,0.92841,9.19542,8.66974,92.29688,92.29688,0.48262,298.2102,0.67603,N/A,N/A,6.06588,5.95302,20250506,123.42883,96.92343,74.72739
9-Apr-25,0.85944,8.79453,8.06715,91.77344,91.77344,-0.51194,-323.2868,0.67565,N/A,N/A,6.21496,5.61692,20250506,110.64069,83.07812,62.11556,0.85944,8.79453,8.06715,91.77344,91.77344,0.48481,306.15694,0.67565,N/A,N/A,6.21496,5.61692,20250506,110.64069,83.07812,62.11556
10-Apr-25,0.86994,9.1854,8.44088,91.50781,91.50781,-0.51245,-322.09317,0.65312,N/A,N/A,6.3148,5.61689,20250506,112.92506,85.89002,64.79308,0.86994,9.1854,8.44088,91.50781,91.50781,0.48443,304.4851,0.65312,N/A,N/A,6.3148,5.61689,20250506,112.92506,85.89002,64.79308
11-Apr-25,0.91588,10.02434,9.07231,90.98438,90.98438,-0.51189,-324.82057,0.63981,N/A,N/A,6.36813,5.53334,20250506,117.08585,88.33771,66.26563,0.91588,10.02434,9.07231,90.98438,90.98438,0.48511,307.8259,0.63981,N/A,N/A,6.36813,5.53334,20250506,117.08585,88.33771,66.26563
14-Apr-25,0.80185,8.94784,8.26473,92.13281,92.13281,-0.51227,-322.52602,0.61599,N/A,N/A,6.22286,5.95192,20250506,103.93817,79.80259,60.5934,0.80185,8.94784,8.26473,92.13281,92.13281,0.48508,305.41056,0.61599,N/A,N/A,6.22286,5.95192,20250506,103.93817,79.80259,60.5934
15-Apr-25,0.69064,7.97031,7.37352,92.20312,92.20312,-0.51182,-321.97633,0.59601,N/A,N/A,6.16228,5.90689,20250506,89.72411,69.58012,53.20298,0.69064,7.97031,7.37352,92.20312,92.20312,0.48566,305.51959,0.59601,N/A,N/A,6.16228,5.90689,20250506,89.72411,69.58012,53.20298
16-Apr-25,0.64138,7.66664,7.14043,92.36719,92.36719,-0.51199,-320.49484,0.57195,N/A,N/A,6.13328,5.88795,20250506,83.96873,65.59799,50.40414,0.64138,7.66664,7.14043,92.36719,92.36719,0.48561,303.98455,0.57195,N/A,N/A,6.13328,5.88795,20250506,83.96873,65.59799,50.40414
17-Apr-25,0.62477,7.80834,7.20189,91.9375,91.9375,-0.51161,-321.88917,0.5527,N/A,N/A,6.21364,5.87684,20250506,81.24355,63.67512,49.02109,0.62477,7.80834,7.20189,91.9375,91.9375,0.48611,305.84417,0.5527,N/A,N/A,6.21364,5.87684,20250506,81.24355,63.67512,49.02109
21-Apr-25,0.62998,8.28512,7.55327,91.21094,91.21094,-0.51155,-323.04528,0.5318,N/A,N/A,6.41391,5.9531,20250506,81.57353,63.71263,48.93654,0.62998,8.28512,7.55327,91.21094,91.21094,0.48664,307.31539,0.5318,N/A,N/A,6.41391,5.9531,20250506,81.57353,63.71263,48.93654
22-Apr-25,0.56246,7.73808,7.06699,91.4375,91.4375,-0.51111,-322.99667,0.50835,N/A,N/A,6.32768,5.97977,20250506,72.71208,56.83262,43.68697,0.56246,7.73808,7.06699,91.4375,91.4375,0.48721,307.89441,0.50835,N/A,N/A,6.32768,5.97977,20250506,72.71208,56.83262,43.68697
23-Apr-25,0.52291,7.57762,6.906,91.49219,91.49219,-0.51055,-323.51016,0.48415,N/A,N/A,6.24788,5.96622,20250506,67.28109,52.48392,40.29067,0.52291,7.57762,6.906,91.49219,91.49219,0.4879,309.15812,0.48415,N/A,N/A,6.24788,5.96622,20250506,67.28109,52.48392,40.29067
24-Apr-25,0.49632,7.57143,6.99525,92.17188,92.17188,-0.51039,-321.39419,0.45356,N/A,N/A,6.13707,6.07944,20250506,64.48206,50.58777,38.97169,0.49632,7.57143,6.99525,92.17188,92.17188,0.48817,307.40281,0.45356,N/A,N/A,6.13707,6.07944,20250506,64.48206,50.58777,38.97169
25-Apr-25,0.45857,7.45103,6.93482,92.5,92.5,-0.50993,-319.88709,0.42336,N/A,N/A,6.06444,6.10959,20250506,59.91721,47.23744,36.5088,0.45857,7.45103,6.93482,92.5,92.5,0.48874,306.59728,0.42336,N/A,N/A,6.06444,6.10959,20250506,59.91721,47.23744,36.5088
28-Apr-25,0.42234,7.38401,6.93538,92.82031,92.82031,-0.50958,-317.86573,0.39017,N/A,N/A,6.04383,6.11237,20250506,55.6649,43.98287,34.03837,0.42234,7.38401,6.93538,92.82031,92.82031,0.48945,305.30803,0.39017,N/A,N/A,6.04383,6.11237,20250506,55.6649,43.98287,34.03837
29-Apr-25,0.39573,7.55794,7.08362,93.07031,93.07031,-0.50223,-314.79182,0.35895,N/A,N/A,5.99908,6.15957,20250506,51.97005,41.14796,31.89166,0.39573,7.55794,7.08362,93.07031,93.07031,0.49693,311.46989,0.35895,N/A,N/A,5.99908,6.15957,20250506,51.97005,41.14796,31.89166
30-Apr-25,0.35028,7.48484,7.01064,92.99219,92.99219,-0.50209,-314.64433,0.3211,N/A,N/A,6.04355,6.16115,20250506,46.05308,36.4251,28.20641,0.35028,7.48484,7.01064,92.99219,92.99219,0.49718,311.56593,0.3211,N/A,N/A,6.04355,6.16115,20250506,46.05308,36.4251,28.20641
1-May-25,0.33977,8.40707,7.80158,92.71875,92.71875,-0.50196,-316.56722,0.27933,N/A,N/A,6.06728,6.12329,20250506,44.2479,35.07149,27.19416,0.33977,8.40707,7.80158,92.71875,92.71875,0.49743,313.70964,0.27933,N/A,N/A,6.06728,6.12329,20250506,44.2479,35.07149,27.19416
2-May-25,0.23716,7.22825,6.60949,92.17969,92.17969,-0.50118,-318.90348,0.23067,N/A,N/A,6.09103,6.08715,20250506,30.46278,23.6292,18.06313,0.23716,7.22825,6.60949,92.17969,92.17969,0.49834,317.09289,0.23067,N/A,N/A,6.09103,6.08715,20250506,30.46278,23.6292,18.06313
5-May-25,0.15847,6.84136,6.22951,92,92,-0.50091,-319.44836,0.16374,N/A,N/A,6.13315,6.21457,20250506,20.29584,15.62184,11.87977,0.15847,6.84136,6.22951,92,92,0.49897,318.20895,0.16374,N/A,N/A,6.13315,6.21457,20250506,20.29584,15.62184,11.87977
6-May-25,0.75297,7.09542,6.54838,92.29688,92.29688,-0.50159,-316.62619,0.73482,N/A,N/A,6.35096,6.66326,20250605,97.55704,75.64703,57.91278,0.75297,7.09542,6.54838,92.29688,92.29688,0.49481,312.34356,0.73482,N/A,N/A,6.35096,6.66326,20250605,97.55704,75.64703,57.91278
7-May-25,0.70692,6.79868,6.31467,92.65625,92.65625,-0.50161,-315.84514,0.71585,N/A,N/A,6.2581,6.71676,20250605,91.93583,70.97844,54.17837,0.70692,6.79868,6.31467,92.65625,92.65625,0.49491,311.63196,0.71585,N/A,N/A,6.2581,6.71676,20250605,91.93583,70.97844,54.17837
8-May-25,0.69706,6.9221,6.31662,92.05469,92.05469,-0.50093,-318.96493,0.70637,N/A,N/A,6.24882,6.51974,20250605,89.1249,68.94009,52.70382,0.69706,6.9221,6.31662,92.05469,92.05469,0.49571,315.63878,0.70637,N/A,N/A,6.24882,6.51974,20250605,89.1249,68.94009,52.70382
9-May-25,0.68712,7.00545,6.395,92.10938,92.10938,-0.50094,-319.04199,0.68787,N/A,N/A,6.2567,7.12102,20250605,87.84776,67.95642,51.95288,0.68712,7.00545,6.395,92.10938,92.10938,0.49582,315.78316,0.68787,N/A,N/A,6.2567,7.12102,20250605,87.84776,67.95642,51.95288
12-May-25,0.65843,6.94392,6.25,91.59375,91.59375,-0.50051,-321.48603,0.675,N/A,N/A,6.28111,7.0888,20250605,83.01889,63.77914,48.53758,0.65843,6.94392,6.25,91.59375,91.59375,0.49662,318.98934,0.675,N/A,N/A,6.28111,7.0888,20250605,83.01889,63.77914,48.53758
13-May-25,0.62377,6.80149,6.08198,91.30469,91.30469,-0.50027,-322.42092,0.65758,N/A,N/A,6.34141,7.32561,20250605,78.2754,60.01459,45.60872,0.62377,6.80149,6.08198,91.30469,91.30469,0.49697,320.2909,0.65758,N/A,N/A,6.34141,7.32561,20250605,78.2754,60.01459,45.60872
14-May-25,0.62715,7.08235,6.30249,91.03906,91.03906,-0.50023,-323.01689,0.63813,N/A,N/A,6.37873,6.87021,20250605,78.41759,59.66885,45.10826,0.62715,7.08235,6.30249,91.03906,91.03906,0.49714,321.01896,0.63813,N/A,N/A,6.37873,6.87021,20250605,78.41759,59.66885,45.10826
15-May-25,0.59486,6.917,6.21828,91.50781,91.50781,-0.50051,-321.57542,0.61359,N/A,N/A,6.31938,7.00526,20250605,75.0546,57.00377,43.02683,0.59486,6.917,6.21828,91.50781,91.50781,0.49697,319.30262,0.61359,N/A,N/A,6.31938,7.00526,20250605,75.0546,57.00377,43.02683
16-May-25,0.58552,7.05313,6.35688,91.65625,91.65625,-0.5006,-321.32889,0.59079,N/A,N/A,6.27442,7.15123,20250605,73.97857,56.41137,42.7008,0.58552,7.05313,6.35688,91.65625,91.65625,0.49701,319.02811,0.59079,N/A,N/A,6.27442,7.15123,20250605,73.97857,56.41137,42.7008
19-May-25,0.56626,7.11828,6.3878,91.38281,91.38281,-0.50066,-321.80583,0.56871,N/A,N/A,6.34126,7.09192,20250605,71.4234,54.19449,40.87947,0.56626,7.11828,6.3878,91.38281,91.38281,0.4973,319.64954,0.56871,N/A,N/A,6.34126,7.09192,20250605,71.4234,54.19449,40.87947
20-May-25,0.52908,6.95236,6.23079,91.29688,91.29688,-0.50061,-321.88721,0.54497,N/A,N/A,6.36268,6.81498,20250605,66.74583,50.53552,38.05878,0.52908,6.95236,6.23079,91.29688,91.29688,0.49748,319.87668,0.54497,N/A,N/A,6.36268,6.81498,20250605,66.74583,50.53552,38.05878
21-May-25,0.53025,7.37388,6.50424,90.46875,90.46875,-0.50037,-323.93238,0.52327,N/A,N/A,6.52567,6.90246,20250605,66.16861,49.36913,36.78244,0.53025,7.37388,6.50424,90.46875,90.46875,0.49783,322.28774,0.52327,N/A,N/A,6.52567,6.90246,20250605,66.16861,49.36913,36.78244
22-May-25,0.48801,7.14402,6.32093,90.57812,90.57812,-0.49138,-317.51303,0.49725,N/A,N/A,6.48782,6.74605,20250605,61.03398,45.2614,33.56823,0.48801,7.14402,6.32093,90.57812,90.57812,0.50695,327.57609,0.49725,N/A,N/A,6.48782,6.74605,20250605,61.03398,45.2614,33.56823
23-May-25,0.486,7.52971,6.69706,90.76562,90.76562,-0.49215,-317.0122,0.46727,N/A,N/A,6.48337,6.48016,20250605,61.097,46.2416,34.80779,0.486,7.52971,6.69706,90.76562,90.76562,0.50629,326.12297,0.46727,N/A,N/A,6.48337,6.48016,20250605,61.097,46.2416,34.80779
27-May-25,0.40533,6.67116,5.99944,91.29688,91.29688,-0.49304,-315.93286,0.43498,N/A,N/A,6.36057,6.4849,20250605,51.40602,38.77308,29.11833,0.40533,6.67116,5.99944,91.29688,91.29688,0.50588,324.15587,0.43498,N/A,N/A,6.36057,6.4849,20250605,51.40602,38.77308,29.11833
28-May-25,0.36479,6.49645,5.8085,91.125,91.125,-0.49357,-317.51603,0.40409,N/A,N/A,6.37005,6.41251,20250605,45.99262,34.62795,25.97204,0.36479,6.49645,5.8085,91.125,91.125,0.50546,325.16476,0.40409,N/A,N/A,6.37005,6.41251,20250605,45.99262,34.62795,25.97204
29-May-25,0.31944,6.20817,5.59032,91.46094,91.46094,-0.4944,-316.95874,0.36798,N/A,N/A,6.37335,6.42305,20250605,40.52391,30.50362,22.8721,0.31944,6.20817,5.59032,91.46094,91.46094,0.50476,323.60148,0.36798,N/A,N/A,6.37335,6.42305,20250605,40.52391,30.50362,22.8721
30-May-25,0.3086,6.69497,6.03858,91.59375,91.59375,-0.49528,-317.46605,0.32901,N/A,N/A,6.36758,6.45168,20250605,39.18078,29.829,22.54576,0.3086,6.69497,6.03858,91.59375,91.59375,0.50399,323.04929,0.32901,N/A,N/A,6.36758,6.45168,20250605,39.18078,29.829,22.54576
2-Jun-25,0.27212,6.83652,6.12318,91.29688,91.29688,-0.49613,-319.21014,0.286,N/A,N/A,6.41722,6.51484,20250605,34.3541,26.33807,20.00631,0.27212,6.83652,6.12318,91.29688,91.29688,0.50351,323.95332,0.286,N/A,N/A,6.41722,6.51484,20250605,34.3541,26.33807,20.00631
3-Jun-25,0.21581,6.63819,5.9432,91.3125,91.3125,-0.49699,-319.94174,0.23358,N/A,N/A,6.39928,6.58806,20250605,27.22292,20.82224,15.79237,0.21581,6.63819,5.9432,91.3125,91.3125,0.50277,323.66303,0.23358,N/A,N/A,6.39928,6.58806,20250605,27.22292,20.82224,15.79237
4-Jun-25,0.14467,6.2512,5.66665,91.91406,91.91406,-0.4981,-318.78863,0.16437,N/A,N/A,6.29435,6.56502,20250605,18.4313,13.97258,10.52864,0.14467,6.2512,5.66665,91.91406,91.91406,0.50178,321.13786,0.16437,N/A,N/A,6.29435,6.56502,20250605,18.4313,13.97258,10.52864
5-Jun-25,0.72257,7.02535,6.36863,91.68359,91.68359,-0.49063,-313.20756,0.72963,N/A,N/A,6.30551,6.53276,20250707,91.81203,70.57662,53.67655,0.72257,7.02535,6.36863,91.68359,91.68359,0.50555,322.73308,0.72963,N/A,N/A,6.30551,6.53276,20250707,91.81203,70.57662,53.67655
6-Jun-25,0.67821,6.81626,6.07457,90.98828,90.98828,-0.48997,-315.75125,0.71856,N/A,N/A,6.28799,6.37417,20250707,84.9034,64.35703,48.47436,0.67821,6.81626,6.07457,90.98828,90.98828,0.50634,326.30101,0.71856,N/A,N/A,6.28799,6.37417,20250707,84.9034,64.35703,48.47436
9-Jun-25,0.6545,6.73959,6.0295,91.20703,91.20703,-0.49018,-315.42835,0.69867,N/A,N/A,6.26446,6.44481,20250707,82.18312,62.24749,46.85734,0.6545,6.73959,6.0295,91.20703,91.20703,0.50648,325.91511,0.69867,N/A,N/A,6.26446,6.44481,20250707,82.18312,62.24749,46.85734
10-Jun-25,0.61186,6.471,5.80055,91.36719,91.36719,-0.49014,-315.33726,0.67901,N/A,N/A,6.23141,6.46279,20250707,76.87923,57.95083,43.47227,0.61186,6.471,5.80055,91.36719,91.36719,0.50664,325.95326,0.67901,N/A,N/A,6.23141,6.46279,20250707,76.87923,57.95083,43.47227
11-Jun-25,0.57759,6.26042,5.66587,91.88281,91.88281,-0.49034,-314.22065,0.65628,N/A,N/A,6.16319,6.60706,20250707,73.09153,55.15334,41.39972,0.57759,6.26042,5.66587,91.88281,91.88281,0.50655,324.60965,0.65628,N/A,N/A,6.16319,6.60706,20250707,73.09153,55.15334,41.39972
12-Jun-25,0.59753,6.66159,6.08457,92.25,92.25,-0.49075,-312.8535,0.63212,N/A,N/A,6.09466,6.59469,20250707,76.19623,58.08246,43.91259,0.59753,6.66159,6.08457,92.25,92.25,0.50626,322.74033,0.63212,N/A,N/A,6.09466,6.59469,20250707,76.19623,58.08246,43.91259
13-Jun-25,0.62161,7.21211,6.52446,91.74219,91.74219,-0.49066,-314.07142,0.61325,N/A,N/A,6.16997,6.61717,20250707,78.74202,59.83808,45.14537,0.62161,7.21211,6.52446,91.74219,91.74219,0.50648,324.19782,0.61325,N/A,N/A,6.16997,6.61717,20250707,78.74202,59.83808,45.14537
16-Jun-25,0.56542,6.81588,6.1369,91.60156,91.60156,-0.49052,-314.98895,0.59326,N/A,N/A,6.19704,6.60566,20250707,71.33546,54.3033,41.01709,0.56542,6.81588,6.1369,91.60156,91.60156,0.50697,325.55161,0.59326,N/A,N/A,6.19704,6.60566,20250707,71.33546,54.3033,41.01709
17-Jun-25,0.54806,6.85974,6.21809,91.8125,91.8125,-0.49205,-314.57697,0.56729,N/A,N/A,6.12919,6.43047,20250707,69.63389,52.93629,39.94861,0.54806,6.85974,6.21809,91.8125,91.8125,0.50556,323.20986,0.56729,N/A,N/A,6.12919,6.43047,20250707,69.63389,52.93629,39.94861
18-Jun-25,0.49694,6.49509,5.88716,91.82031,91.82031,-0.4921,-314.65323,0.54332,N/A,N/A,6.13269,6.39871,20250707,63.15881,47.87682,36.05466,0.49694,6.49509,5.88716,91.82031,91.82031,0.50563,323.30699,0.54332,N/A,N/A,6.13269,6.39871,20250707,63.15881,47.87682,36.05466
20-Jun-25,0.47146,6.4558,5.86893,91.89844,91.89844,-0.49247,-314.22742,0.51718,N/A,N/A,6.12045,6.37752,20250707,60.14772,45.74171,34.52465,0.47146,6.4558,5.86893,91.89844,91.89844,0.50549,322.53575,0.51718,N/A,N/A,6.12045,6.37752,20250707,60.14772,45.74171,34.52465
23-Jun-25,0.45197,6.49987,5.95894,92.20312,92.20312,-0.50117,-318.14576,0.48707,N/A,N/A,6.09156,6.13297,20250707,58.22843,44.98442,34.32285,0.45197,6.49987,5.95894,92.20312,92.20312,0.49716,315.60037,0.48707,N/A,N/A,6.09156,6.13297,20250707,58.22843,44.98442,34.32285
24-Jun-25,0.40817,6.20632,5.72646,92.48438,92.48438,-0.50126,-317.13242,0.45785,N/A,N/A,6.02857,6.25315,20250707,52.85694,40.79144,31.10537,0.40817,6.20632,5.72646,92.48438,92.48438,0.49719,314.55609,0.45785,N/A,N/A,6.02857,6.25315,20250707,52.85694,40.79144,31.10537
25-Jun-25,0.37416,6.07456,5.60637,92.58594,92.58594,-0.50119,-317.35388,0.42879,N/A,N/A,6.01063,6.28211,20250707,48.42157,37.33712,28.44847,0.37416,6.07456,5.60637,92.58594,92.58594,0.49737,314.9349,0.42879,N/A,N/A,6.01063,6.28211,20250707,48.42157,37.33712,28.44847
26-Jun-25,0.36008,6.29037,5.85292,92.92969,92.92969,-0.50143,-316.10565,0.39538,N/A,N/A,5.96446,6.29175,20250707,46.9267,36.37458,27.80801,0.36008,6.29037,5.85292,92.92969,92.92969,0.49725,313.46733,0.39538,N/A,N/A,5.96446,6.29175,20250707,46.9267,36.37458,27.80801
27-Jun-25,0.33322,6.38827,5.90965,92.75,92.75,-0.50128,-317.23123,0.36253,N/A,N/A,5.99555,6.39473,20250707,43.19238,33.50842,25.6353,0.33322,6.38827,5.90965,92.75,92.75,0.49752,314.8546,0.36253,N/A,N/A,5.99555,6.39473,20250707,43.19238,33.50842,25.6353
30-Jun-25,0.30011,6.41077,5.97654,93.03125,93.03125,-0.50152,-315.8905,0.32293,N/A,N/A,5.91921,6.33213,20250707,39.16404,30.44846,23.32865,0.30011,6.41077,5.97654,93.03125,93.03125,0.49764,313.45086,0.32293,N/A,N/A,5.91921,6.33213,20250707,39.16404,30.44846,23.32865
1-Jul-25,0.25714,6.34891,5.89137,92.92969,92.92969,-0.50129,-316.87399,0.28065,N/A,N/A,5.90716,6.31104,20250707,33.37402,25.96399,19.90694,0.25714,6.34891,5.89137,92.92969,92.92969,0.49799,314.79186,0.28065,N/A,N/A,5.90716,6.31104,20250707,33.37402,25.96399,19.90694
2-Jul-25,0.19177,5.81146,5.36053,92.71875,92.71875,-0.5009,-317.80721,0.23023,N/A,N/A,5.95695,6.22382,20250707,24.76615,19.02683,14.46128,0.19177,5.81146,5.36053,92.71875,92.71875,0.49849,316.27765,0.23023,N/A,N/A,5.95695,6.22382,20250707,24.76615,19.02683,14.46128
3-Jul-25,0.13054,5.61052,5.13477,92.44531,92.44531,-0.50056,-319.14301,0.16366,N/A,N/A,5.95247,6.20135,20250707,16.72846,12.80764,9.71152,0.13054,5.61052,5.13477,92.44531,92.44531,0.49896,318.12399,0.16366,N/A,N/A,5.95247,6.20135,20250707,16.72846,12.80764,9.71152
7-Jul-25,0.65413,6.03637,5.50625,92.08203,92.08203,-0.50061,-318.97669,0.76082,N/A,N/A,6.04047,6.23997,20250806,83.6865,64.74612,49.41644,0.65413,6.03637,5.50625,92.08203,92.08203,0.49579,315.90257,0.76082,N/A,N/A,6.04047,6.23997,20250806,83.6865,64.74612,49.41644
8-Jul-25,0.62485,5.90519,5.37455,92.01953,92.01953,-0.50047,-319.38299,0.74491,N/A,N/A,6.06013,6.17881,20250806,79.75941,60.7485,45.8655,0.62485,5.90519,5.37455,92.01953,92.01953,0.49604,316.55817,0.74491,N/A,N/A,6.06013,6.17881,20250806,79.75941,60.7485,45.8655
9-Jul-25,0.59332,5.71181,5.25942,92.55469,92.55469,-0.50074,-317.69615,0.72284,N/A,N/A,5.95421,6.26301,20250806,76.42637,58.13897,43.85729,0.59332,5.71181,5.25942,92.55469,92.55469,0.49589,314.61763,0.72284,N/A,N/A,5.95421,6.26301,20250806,76.42637,58.13897,43.85729
10-Jul-25,0.57289,5.65764,5.20369,92.55469,92.55469,-0.50068,-318.01159,0.70584,N/A,N/A,5.95976,6.2439,20250806,73.68204,56.1552,42.41562,0.57289,5.65764,5.20369,92.55469,92.55469,0.49608,315.09205,0.70584,N/A,N/A,5.95976,6.2439,20250806,73.68204,56.1552,42.41562
11-Jul-25,0.59456,6.06257,5.51481,92.08594,92.08594,-0.5005,-319.80385,0.69123,N/A,N/A,6.04938,6.24918,20250806,75.77591,57.68783,43.53966,0.59456,6.06257,5.51481,92.08594,92.08594,0.49638,317.17442,0.69123,N/A,N/A,6.04938,6.24918,20250806,75.77591,57.68783,43.53966
14-Jul-25,0.57363,6.02068,5.46977,92.02344,92.02344,-0.50057,-320.03755,0.67265,N/A,N/A,6.07845,6.07213,20250806,73.07384,55.54753,41.87658,0.57363,6.02068,5.46977,92.02344,92.02344,0.49667,317.54467,0.67265,N/A,N/A,6.07845,6.07213,20250806,73.07384,55.54753,41.87658
15-Jul-25,0.56187,6.10282,5.49466,91.64844,91.64844,-0.50034,-321.46971,0.65611,N/A,N/A,6.13362,6.06977,20250806,71.0049,53.26983,39.7864,0.56187,6.10282,5.49466,91.64844,91.64844,0.49702,319.33618,0.65611,N/A,N/A,6.13362,6.06977,20250806,71.0049,53.26983,39.7864
16-Jul-25,0.55672,6.23018,5.6373,91.85938,91.85938,-0.50052,-320.7291,0.63361,N/A,N/A,6.1348,5.88483,20250806,70.71369,53.04625,39.60975,0.55672,6.23018,5.6373,91.85938,91.85938,0.49695,318.44257,0.63361,N/A,N/A,6.1348,5.88483,20250806,70.71369,53.04625,39.60975
17-Jul-25,0.5216,6.04231,5.4571,91.84375,91.84375,-0.50038,-321.18479,0.61351,N/A,N/A,6.13984,5.8892,20250806,66.06942,49.56327,37.00987,0.5216,6.04231,5.4571,91.84375,91.84375,0.49721,319.14853,0.61351,N/A,N/A,6.13984,5.8892,20250806,66.06942,49.56327,37.00987
18-Jul-25,0.49623,5.95101,5.39907,92.05469,92.05469,-0.5005,-320.543,0.58998,N/A,N/A,6.10516,6.20678,20250806,63.11243,47.64261,35.73538,0.49623,5.95101,5.39907,92.05469,92.05469,0.49721,318.43613,0.58998,N/A,N/A,6.10516,6.20678,20250806,63.11243,47.64261,35.73538
21-Jul-25,0.47181,5.86563,5.36434,92.39062,92.39062,-0.5008,-319.34044,0.56463,N/A,N/A,6.03012,6.105,20250806,60.42042,45.92489,34.61614,0.47181,5.86563,5.36434,92.39062,92.39062,0.49727,317.09092,0.56463,N/A,N/A,6.03012,6.105,20250806,60.42042,45.92489,34.61614
22-Jul-25,0.45934,5.95221,5.46591,92.57031,92.57031,-0.50093,-318.73298,0.53961,N/A,N/A,5.98393,6.09746,20250806,59.02909,45.26034,34.32745,0.45934,5.95221,5.46591,92.57031,92.57031,0.49726,316.40021,0.53961,N/A,N/A,5.98393,6.09746,20250806,59.02909,45.26034,34.32745
23-Jul-25,0.44368,6.04966,5.50956,92.25781,92.25781,-0.50076,-320.18988,0.51729,N/A,N/A,6.03225,6.17478,20250806,56.58624,43.41148,32.93825,0.44368,6.04966,5.50956,92.25781,92.25781,0.49755,318.14021,0.51729,N/A,N/A,6.03225,6.17478,20250806,56.58624,43.41148,32.93825
24-Jul-25,0.41114,5.92249,5.37108,92.03906,92.03906,-0.50069,-320.73524,0.49189,N/A,N/A,6.05982,6.14639,20250806,52.26728,40.10631,30.435,0.41114,5.92249,5.37108,92.03906,92.03906,0.49774,318.84497,0.49189,N/A,N/A,6.05982,6.14639,20250806,52.26728,40.10631,30.435
25-Jul-25,0.38832,5.9244,5.38668,92.16406,92.16406,-0.50078,-320.40019,0.46297,N/A,N/A,6.02428,6.11786,20250806,49.46798,38.13411,29.03278,0.38832,5.9244,5.38668,92.16406,92.16406,0.49777,318.4775,0.46297,N/A,N/A,6.02428,6.11786,20250806,49.46798,38.13411,29.03278
28-Jul-25,0.3641,5.94938,5.38341,91.96094,91.96094,-0.50084,-321.27568,0.43439,N/A,N/A,6.06621,5.99942,20250806,46.20676,35.7107,27.23617,0.3641,5.94938,5.38341,91.96094,91.96094,0.49807,319.50265,0.43439,N/A,N/A,6.06621,5.99942,20250806,46.20676,35.7107,27.23617
29-Jul-25,0.34916,6.12731,5.61604,92.47656,92.47656,-0.50119,-319.18062,0.39966,N/A,N/A,5.93915,5.92105,20250806,44.80638,34.72116,26.53222,0.34916,6.12731,5.61604,92.47656,92.47656,0.49784,317.04995,0.39966,N/A,N/A,5.93915,5.92105,20250806,44.80638,34.72116,26.53222
30-Jul-25,0.30147,5.81224,5.28673,92.19531,92.19531,-0.50094,-320.48893,0.36679,N/A,N/A,5.99533,5.98276,20250806,38.40767,29.67087,22.62429,0.30147,5.81224,5.28673,92.19531,92.19531,0.49821,318.74577,0.36679,N/A,N/A,5.99533,5.98276,20250806,38.40767,29.67087,22.62429
31-Jul-25,0.23616,5.08688,4.63631,92.25,92.25,-0.5008,-319.94546,0.32775,N/A,N/A,5.97139,5.96825,20250806,30.14601,22.89734,17.25274,0.23616,5.08688,4.63631,92.25,92.25,0.49847,318.45658,0.32775,N/A,N/A,5.97139,5.96825,20250806,30.14601,22.89734,17.25274
1-Aug-25,0.2168,5.34193,4.97441,93.10938,93.10938,-0.50112,-316.26898,0.28044,N/A,N/A,5.7974,6.04361,20250806,28.24081,21.88882,16.72299,0.2168,5.34193,4.97441,93.10938,93.10938,0.49828,314.47354,0.28044,N/A,N/A,5.7974,6.04361,20250806,28.24081,21.88882,16.72299
4-Aug-25,0.18232,5.49155,5.13517,93.25,93.25,-0.50119,-315.46863,0.22849,N/A,N/A,5.75018,6.0664,20250806,23.84784,18.70413,14.4046,0.18232,5.49155,5.13517,93.25,93.25,0.49857,313.81686,0.22849,N/A,N/A,5.75018,6.0664,20250806,23.84784,18.70413,14.4046
5-Aug-25,0.1281,5.45005,5.10263,93.35156,93.35156,-0.50092,-315.25033,0.1616,N/A,N/A,5.72482,6.03229,20250806,16.75116,13.14003,10.12192,0.1281,5.45005,5.10263,93.35156,93.35156,0.49896,314.02133,0.1616,N/A,N/A,5.72482,6.03229,20250806,16.75116,13.14003,10.12192
6-Aug-25,0.62217,5.66603,5.31472,93.34375,93.34375,-0.50111,-314.76352,0.74961,N/A,N/A,5.88248,6.16852,20250908,81.41853,64.41826,49.92873,0.62217,5.66603,5.31472,93.34375,93.34375,0.4949,310.86154,0.74961,N/A,N/A,5.88248,6.16852,20250908,81.41853,64.41826,49.92873
7-Aug-25,0.59221,5.53051,5.1663,93.15625,93.15625,-0.50092,-315.30238,0.73437,N/A,N/A,5.71977,6.09867,20250908,77.25707,61.01012,47.23015,0.59221,5.53051,5.1663,93.15625,93.15625,0.49522,311.71524,0.73437,N/A,N/A,5.71977,6.09867,20250908,77.25707,61.01012,47.23015
8-Aug-25,0.57994,5.56299,5.16084,92.92188,92.92188,-0.50069,-316.54555,0.7202,N/A,N/A,5.76485,6.09508,20250908,75.18522,59.23646,45.78918,0.57994,5.56299,5.16084,92.92188,92.92188,0.49557,313.30698,0.7202,N/A,N/A,5.76485,6.09508,20250908,75.18522,59.23646,45.78918
11-Aug-25,0.52705,5.18726,4.80907,92.88281,92.88281,-0.50066,-316.60344,0.70241,N/A,N/A,5.74963,6.07103,20250908,68.33815,53.18675,40.77608,0.52705,5.18726,4.80907,92.88281,92.88281,0.49596,313.634,0.70241,N/A,N/A,5.74963,6.07103,20250908,68.33815,53.18675,40.77608
12-Aug-25,0.49744,5.03405,4.65459,92.79688,92.79688,-0.5005,-317.0582,0.68513,N/A,N/A,5.75592,6.03605,20250908,64.38134,49.5891,37.74898,0.49744,5.03405,4.65459,92.79688,92.79688,0.49624,314.35586,0.68513,N/A,N/A,5.75592,6.03605,20250908,64.38134,49.5891,37.74898
13-Aug-25,0.4894,5.07732,4.7344,93.13281,93.13281,-0.50075,-315.68785,0.66275,N/A,N/A,5.67164,6.05055,20250908,63.80152,49.03969,37.2757,0.4894,5.07732,4.7344,93.13281,93.13281,0.49611,312.76236,0.66275,N/A,N/A,5.67164,6.05055,20250908,63.80152,49.03969,37.2757
14-Aug-25,0.46967,5.0384,4.65531,92.82812,92.82812,-0.50046,-317.3658,0.64681,N/A,N/A,5.66712,6.0191,20250908,60.7105,46.70215,35.5166,0.46967,5.0384,4.65531,92.82812,92.82812,0.49652,314.86282,0.64681,N/A,N/A,5.66712,6.0191,20250908,60.7105,46.70215,35.5166
15-Aug-25,0.47948,5.327,4.8933,92.5625,92.5625,-0.50044,-318.2964,0.62895,N/A,N/A,5.71501,6.06968,20250908,61.70172,47.23495,35.80021,0.47948,5.327,4.8933,92.5625,92.5625,0.49666,315.89242,0.62895,N/A,N/A,5.71501,6.06968,20250908,61.70172,47.23495,35.80021
18-Aug-25,0.45489,5.23761,4.79918,92.41406,92.41406,-0.50049,-318.60932,0.60864,N/A,N/A,5.73627,6.07384,20250908,58.46637,44.49105,33.57897,0.45489,5.23761,4.79918,92.41406,92.41406,0.49698,316.37569,0.60864,N/A,N/A,5.73627,6.07384,20250908,58.46637,44.49105,33.57897
19-Aug-25,0.43435,5.18103,4.76923,92.5625,92.5625,-0.5006,-317.73158,0.58467,N/A,N/A,5.7053,6.05584,20250908,56.08425,42.59481,32.10554,0.43435,5.18103,4.76923,92.5625,92.5625,0.49698,315.43219,0.58467,N/A,N/A,5.7053,6.05584,20250908,56.08425,42.59481,32.10554
20-Aug-25,0.42248,5.24229,4.82744,92.60156,92.60156,-0.50062,-317.75671,0.56177,N/A,N/A,5.69587,6.06002,20250908,54.56665,41.53257,31.3501,0.42248,5.24229,4.82744,92.60156,92.60156,0.49708,315.50936,0.56177,N/A,N/A,5.69587,6.06002,20250908,54.56665,41.53257,31.3501
21-Aug-25,0.41138,5.33817,4.89402,92.47656,92.47656,-0.50054,-318.68656,0.53901,N/A,N/A,5.72322,5.98242,20250908,52.86793,40.38485,30.56165,0.41138,5.33817,4.89402,92.47656,92.47656,0.49728,316.60628,0.53901,N/A,N/A,5.72322,5.98242,20250908,52.86793,40.38485,30.56165
22-Aug-25,0.3928,5.31112,4.93335,93.07031,93.07031,-0.5008,-316.72625,0.51156,N/A,N/A,5.60316,6.15784,20250908,51.03798,39.13725,29.6914,0.3928,5.31112,4.93335,93.07031,93.07031,0.49714,314.40922,0.51156,N/A,N/A,5.60316,6.15784,20250908,51.03798,39.13725,29.6914
25-Aug-25,0.35847,5.1103,4.73473,93.01562,93.01562,-0.50081,-317.3557,0.48663,N/A,N/A,5.61591,6.13245,20250908,46.43667,35.68056,27.10902,0.35847,5.1103,4.73473,93.01562,93.01562,0.49748,315.24612,0.48663,N/A,N/A,5.61591,6.13245,20250908,46.43667,35.68056,27.10902
26-Aug-25,0.34014,5.13427,4.77616,93.16406,93.16406,-0.50093,-316.65807,0.45757,N/A,N/A,5.58354,6.13304,20250908,44.25812,33.95395,25.7677,0.34014,5.13427,4.77616,93.16406,93.16406,0.49749,314.48072,0.45757,N/A,N/A,5.58354,6.13304,20250908,44.25812,33.95395,25.7677
27-Aug-25,0.31345,5.05195,4.71288,93.26562,93.26562,-0.50098,-316.1409,0.4272,N/A,N/A,5.56709,6.22516,20250908,40.90855,31.32975,23.74315,0.31345,5.05195,4.71288,93.26562,93.26562,0.49756,313.98087,0.4272,N/A,N/A,5.56709,6.22516,20250908,40.90855,31.32975,23.74315
28-Aug-25,0.29387,5.10882,4.78834,93.38281,93.38281,-0.50112,-315.14391,0.39331,N/A,N/A,5.53569,6.20593,20250908,38.52243,30.0317,23.03753,0.29387,5.10882,4.78834,93.38281,93.38281,0.49754,312.89368,0.39331,N/A,N/A,5.53569,6.20593,20250908,38.52243,30.0317,23.03753
29-Aug-25,0.30093,5.73258,5.36183,93.34375,93.34375,-0.50125,-315.74521,0.36083,N/A,N/A,5.55092,6.16305,20250908,39.36479,30.93104,23.85351,0.30093,5.73258,5.36183,93.34375,93.34375,0.49754,313.4132,0.36083,N/A,N/A,5.55092,6.16305,20250908,39.36479,30.93104,23.85351
2-Sep-25,0.27119,5.79433,5.37539,93,93,-0.50125,-317.17168,0.32426,N/A,N/A,5.62505,6.25175,20250908,35.24735,27.45703,21.05676,0.27119,5.79433,5.37539,93,93,0.49802,315.1293,0.32426,N/A,N/A,5.62505,6.25175,20250908,35.24735,27.45703,21.05676
3-Sep-25,0.23289,5.71781,5.36129,93.44531,93.44531,-0.50131,-315.34672,0.27891,N/A,N/A,5.62877,6.33056,20250908,30.53235,23.72117,18.15629,0.23289,5.71781,5.36129,93.44531,93.44531,0.49808,313.31744,0.27891,N/A,N/A,5.62877,6.33056,20250908,30.53235,23.72117,18.15629
4-Sep-25,0.17858,5.35113,5.05212,93.75781,93.75781,-0.50113,-314.11903,0.22705,N/A,N/A,5.55761,6.42981,20250908,23.53629,18.12249,13.78333,0.17858,5.35113,5.05212,93.75781,93.75781,0.49838,312.39527,0.22705,N/A,N/A,5.55761,6.42981,20250908,23.53629,18.12249,13.78333
5-Sep-25,0.11835,4.9799,4.78071,94.41406,94.41406,-0.50091,-310.946,0.15936,N/A,N/A,5.43923,6.67732,20250908,15.81298,12.02089,9.0627,0.11835,4.9799,4.78071,94.41406,94.41406,0.49873,309.5937,0.15936,N/A,N/A,5.43923,6.67732,20250908,15.81298,12.02089,9.0627
8-Sep-25,0.56325,5.16628,5.03365,94.80078,94.80078,-0.50236,-308.51825,0.71654,N/A,N/A,5.38449,6.74749,20251007,76.13319,58.37375,44.20618,0.56325,5.16628,5.03365,94.80078,94.80078,0.49426,303.54845,0.71654,N/A,N/A,5.38449,6.74749,20251007,76.13319,58.37375,44.20618
9-Sep-25,0.55204,5.20124,5.03189,94.55859,94.55859,-0.5021,-309.76131,0.70281,N/A,N/A,5.4687,6.85636,20251007,74.16346,56.03066,41.98814,0.55204,5.20124,5.03189,94.55859,94.55859,0.49464,305.1602,0.70281,N/A,N/A,5.4687,6.85636,20251007,74.16346,56.03066,41.98814
10-Sep-25,0.50353,4.85536,4.73012,94.78125,94.78125,-0.50207,-308.31956,0.68234,N/A,N/A,5.39809,6.78376,20251007,68.06696,51.08991,38.11141,0.50353,4.85536,4.73012,94.78125,94.78125,0.49478,303.84282,0.68234,N/A,N/A,5.39809,6.78376,20251007,68.06696,51.08991,38.11141
11-Sep-25,0.48573,4.80241,4.70163,94.96094,94.96094,-0.50215,-307.43573,0.66234,N/A,N/A,5.35786,6.82786,20251007,65.90757,49.63799,37.12432,0.48573,4.80241,4.70163,94.96094,94.96094,0.49482,302.9461,0.66234,N/A,N/A,5.35786,6.82786,20251007,65.90757,49.63799,37.12432
12-Sep-25,0.4847,4.93586,4.79493,94.85938,94.85938,-0.5019,-309.34501,0.64818,N/A,N/A,5.42869,6.47995,20251007,65.18871,49.04321,36.65114,0.4847,4.93586,4.79493,94.85938,94.85938,0.49519,305.2055,0.64818,N/A,N/A,5.42869,6.47995,20251007,65.18871,49.04321,36.65114
15-Sep-25,0.46911,4.89854,4.79627,95.32031,95.32031,-0.50213,-308.54985,0.62728,N/A,N/A,5.33287,6.61437,20251007,63.35282,47.60423,35.54403,0.46911,4.89854,4.79627,95.32031,95.32031,0.49532,304.36871,0.62728,N/A,N/A,5.33287,6.61437,20251007,63.35282,47.60423,35.54403
16-Sep-25,0.44974,4.85091,4.75054,95.29688,95.29688,-0.50207,-308.37805,0.60737,N/A,N/A,5.35578,6.51433,20251007,60.80091,45.68747,34.11563,0.44974,4.85091,4.75054,95.29688,95.29688,0.49551,304.35128,0.60737,N/A,N/A,5.35578,6.51433,20251007,60.80091,45.68747,34.11563
17-Sep-25,0.39474,4.42144,4.59906,94.97656,94.97656,-0.50189,-289.25766,0.55078,N/A,N/A,5.47008,6.48001,20251007,56.70271,42.6169,31.83245,0.39474,4.42144,4.59906,94.97656,94.97656,0.49581,285.74961,0.55078,N/A,N/A,5.47008,6.48001,20251007,56.70271,42.6169,31.83245
18-Sep-25,0.42431,4.94775,5.11017,94.66406,94.66406,-0.50697,-293.29623,0.6044,N/A,N/A,5.59391,6.75271,20251007,53.37089,40.01682,29.83315,0.42431,4.94775,5.11017,94.66406,94.66406,0.49084,283.95946,0.6044,N/A,N/A,5.59391,6.75271,20251007,53.37089,40.01682,29.83315
19-Sep-25,0.42633,5.17924,5.31939,94.5625,94.5625,-0.50684,-294.54706,0.5836,N/A,N/A,5.6493,6.62654,20251007,53.30311,40.11616,29.98733,0.42633,5.17924,5.31939,94.5625,94.5625,0.49109,285.3958,0.5836,N/A,N/A,5.6493,6.62654,20251007,53.30311,40.11616,29.98733
22-Sep-25,0.41094,5.22061,5.34702,94.41406,94.41406,-0.50682,-294.89235,0.55987,N/A,N/A,5.71091,6.75644,20251007,51.29216,38.62678,28.88737,0.41094,5.22061,5.34702,94.41406,94.41406,0.49145,285.9494,0.55987,N/A,N/A,5.71091,6.75644,20251007,51.29216,38.62678,28.88737
23-Sep-25,0.39276,5.22264,5.37815,94.59375,94.59375,-0.50681,-293.8519,0.5322,N/A,N/A,5.67941,6.59483,20251007,49.2517,37.0987,27.75269,0.39276,5.22264,5.37815,94.59375,94.59375,0.49157,285.01798,0.5322,N/A,N/A,5.67941,6.59483,20251007,49.2517,37.0987,27.75269
24-Sep-25,0.37427,5.25406,5.37801,94.4375,94.4375,-0.50645,-294.92785,0.50735,N/A,N/A,5.75474,6.5968,20251007,46.65201,35.11884,26.26006,0.37427,5.25406,5.37801,94.4375,94.4375,0.49205,286.54346,0.50735,N/A,N/A,5.75474,6.5968,20251007,46.65201,35.11884,26.26006
25-Sep-25,0.3591,5.35613,5.44428,94.26562,94.26562,-0.50602,-296.20696,0.48101,N/A,N/A,5.83019,6.6134,20251007,44.40804,33.26968,24.79388,0.3591,5.35613,5.44428,94.26562,94.26562,0.49259,288.34573,0.48101,N/A,N/A,5.83019,6.6134,20251007,44.40804,33.26968,24.79388
26-Sep-25,0.35831,5.71832,5.78903,94.17188,94.17188,-0.50571,-296.92733,0.45148,N/A,N/A,5.86307,6.64215,20251007,44.13576,33.25531,24.88448,0.35831,5.71832,5.78903,94.17188,94.17188,0.49302,289.47368,0.45148,N/A,N/A,5.86307,6.64215,20251007,44.13576,33.25531,24.88448
29-Sep-25,0.3341,5.74383,5.8533,94.39062,94.39062,-0.50563,-295.61747,0.41654,N/A,N/A,5.80942,6.59835,20251007,41.39156,31.22117,23.38119,0.3341,5.74383,5.8533,94.39062,94.39062,0.49344,288.48889,0.41654,N/A,N/A,5.80942,6.59835,20251007,41.39156,31.22117,23.38119
30-Sep-25,0.29796,5.61782,5.715,94.27344,94.27344,-0.50514,-295.47395,0.38088,N/A,N/A,5.84645,6.66288,20251007,36.91226,27.78095,20.77061,0.29796,5.61782,5.715,94.27344,94.27344,0.49405,288.98429,0.38088,N/A,N/A,5.84645,6.66288,20251007,36.91226,27.78095,20.77061
1-Oct-25,0.237,4.97949,5.1071,94.57031,94.57031,-0.50455,-293.65476,0.33926,N/A,N/A,5.78473,6.59109,20251007,29.58117,22.07605,16.40406,0.237,4.97949,5.1071,94.57031,94.57031,0.49475,287.95098,0.33926,N/A,N/A,5.78473,6.59109,20251007,29.58117,22.07605,16.40406
2-Oct-25,0.20066,4.85677,4.99727,94.78125,94.78125,-0.50397,-293.02192,0.29369,N/A,N/A,5.7284,6.63904,20251007,25.07675,18.71419,13.90716,0.20066,4.85677,4.99727,94.78125,94.78125,0.49546,288.07561,0.29369,N/A,N/A,5.7284,6.63904,20251007,25.07675,18.71419,13.90716
3-Oct-25,0.16081,4.77252,4.88742,94.66406,94.66406,-0.50316,-293.5774,0.24076,N/A,N/A,5.79173,6.5149,20251007,20.0005,14.93011,11.09735,0.16081,4.77252,4.88742,94.66406,94.66406,0.49638,289.62044,0.24076,N/A,N/A,5.79173,6.5149,20251007,20.0005,14.93011,11.09735
6-Oct-25,0.11567,4.86995,4.94232,94.33594,94.33594,-0.50227,-294.69716,0.17131,N/A,N/A,5.90523,6.51482,20251007,14.27714,10.66476,7.93046,0.11567,4.86995,4.94232,94.33594,94.33594,0.49761,291.9601,0.17131,N/A,N/A,5.90523,6.51482,20251007,14.27714,10.66476,7.93046
7-Oct-25,0.56214,5.17248,5.29873,94.50391,94.50391,-0.50687,-295.14873,0.77016,N/A,N/A,5.86666,6.08925,20251106,70.04484,52.59638,39.39257,0.56214,5.17248,5.29873,94.50391,94.50391,0.48971,285.15631,0.77016,N/A,N/A,5.86666,6.08925,20251106,70.04484,52.59638,39.39257
8-Oct-25,0.56097,5.28773,5.41371,94.51953,94.51953,-0.5068,-295.3213,0.75211,N/A,N/A,5.88025,5.96686,20251106,69.81694,52.38696,39.21337,0.56097,5.28773,5.41371,94.51953,94.51953,0.48991,285.47802,0.75211,N/A,N/A,5.88025,5.96686,20251106,69.81694,52.38696,39.21337
9-Oct-25,0.56851,5.50856,5.61944,94.32812,94.32812,-0.50682,-295.80213,0.73439,N/A,N/A,5.94818,6.15307,20251106,70.5904,53.02284,39.72103,0.56851,5.50856,5.61944,94.32812,94.32812,0.49,285.98727,0.73439,N/A,N/A,5.94818,6.15307,20251106,70.5904,53.02284,39.72103
10-Oct-25,0.60255,5.96607,6.20506,94.82812,94.82812,-0.50791,-292.30118,0.70373,N/A,N/A,5.7982,5.69733,20251106,76.23401,57.25733,42.8908,0.60255,5.96607,6.20506,94.82812,94.82812,0.48902,281.42983,0.70373,N/A,N/A,5.7982,5.69733,20251106,76.23401,57.25733,42.8908
14-Oct-25,0.53914,5.47822,5.70942,95.03906,95.03906,-0.5077,-292.22522,0.68537,N/A,N/A,5.74313,6.09185,20251106,68.27587,51.41055,38.57883,0.53914,5.47822,5.70942,95.03906,95.03906,0.48969,281.86063,0.68537,N/A,N/A,5.74313,6.09185,20251106,68.27587,51.41055,38.57883
15-Oct-25,0.49654,5.20319,5.39965,94.98438,94.98438,-0.50727,-293.06081,0.66828,N/A,N/A,5.79475,5.70981,20251106,62.59298,47.13168,35.3673,0.49654,5.20319,5.39965,94.98438,94.98438,0.49022,283.20847,0.66828,N/A,N/A,5.79475,5.70981,20251106,62.59298,47.13168,35.3673
16-Oct-25,0.51011,5.49372,5.78981,95.4375,95.4375,-0.50799,-290.36251,0.63976,N/A,N/A,5.68772,5.85136,20251106,65.24,49.61051,37.48614,0.51011,5.49372,5.78981,95.4375,95.4375,0.48961,279.85862,0.63976,N/A,N/A,5.68772,5.85136,20251106,65.24,49.61051,37.48614
17-Oct-25,0.50246,5.60344,5.87773,95.39062,95.39062,-0.50778,-291.4666,0.62101,N/A,N/A,5.75066,5.64357,20251106,63.88423,48.75725,36.93747,0.50246,5.60344,5.87773,95.39062,95.39062,0.48995,281.23013,0.62101,N/A,N/A,5.75066,5.64357,20251106,63.88423,48.75725,36.93747
20-Oct-25,0.45465,5.25034,5.52717,95.5625,95.5625,-0.50768,-290.88527,0.59824,N/A,N/A,5.71084,5.49748,20251106,57.95215,43.98181,33.18583,0.45465,5.25034,5.52717,95.5625,95.5625,0.4904,280.98474,0.59824,N/A,N/A,5.71084,5.49748,20251106,57.95215,43.98181,33.18583
21-Oct-25,0.43471,5.21599,5.51517,95.71875,95.71875,-0.50768,-290.0862,0.57346,N/A,N/A,5.67938,5.62544,20251106,55.61884,42.19359,31.82894,0.43471,5.21599,5.51517,95.71875,95.71875,0.49049,280.26522,0.57346,N/A,N/A,5.67938,5.62544,20251106,55.61884,42.19359,31.82894
22-Oct-25,0.4139,5.18481,5.47845,95.75,95.75,-0.50749,-290.26925,0.54993,N/A,N/A,5.67831,5.55935,20251106,52.89544,40.29272,30.48337,0.4139,5.18481,5.47845,95.75,95.75,0.4908,280.72648,0.54993,N/A,N/A,5.67831,5.55935,20251106,52.89544,40.29272,30.48337
23-Oct-25,0.37879,4.9907,5.2207,95.46875,95.46875,-0.50692,-292.00736,0.52873,N/A,N/A,5.67324,5.66928,20251106,47.95172,36.33842,27.39778,0.37879,4.9907,5.2207,95.46875,95.46875,0.49148,283.11775,0.52873,N/A,N/A,5.67324,5.66928,20251106,47.95172,36.33842,27.39778
24-Oct-25,0.35562,4.9343,5.15784,95.54688,95.54688,-0.5066,-292.28155,0.50276,N/A,N/A,5.65904,5.62184,20251106,44.92962,34.2056,25.8713,0.35562,4.9343,5.15784,95.54688,95.54688,0.49192,283.81121,0.50276,N/A,N/A,5.65904,5.62184,20251106,44.92962,34.2056,25.8713
27-Oct-25,0.3102,4.55862,4.76199,95.64844,95.64844,-0.50619,-292.55189,0.47536,N/A,N/A,5.62549,5.55428,20251106,39.0993,29.72756,22.46157,0.3102,4.55862,4.76199,95.64844,95.64844,0.49268,284.7405,0.47536,N/A,N/A,5.62549,5.55428,20251106,39.0993,29.72756,22.46157
28-Oct-25,0.29354,4.60587,4.82358,95.75781,95.75781,-0.50596,-292.00824,0.44425,N/A,N/A,5.57721,5.52184,20251106,37.06487,28.27063,21.40999,0.29354,4.60587,4.82358,95.75781,95.75781,0.49303,284.54661,0.44425,N/A,N/A,5.57721,5.52184,20251106,37.06487,28.27063,21.40999
29-Oct-25,0.2606,4.443,4.58274,95.17969,95.17969,-0.50521,-294.25698,0.41531,N/A,N/A,5.74278,6.03268,20251106,32.4821,24.65929,18.61699,0.2606,4.443,4.58274,95.17969,95.17969,0.49389,287.66709,0.41531,N/A,N/A,5.74278,6.03268,20251106,32.4821,24.65929,18.61699
30-Oct-25,0.24345,4.55824,4.66752,94.92969,94.92969,-0.50472,-295.34084,0.38128,N/A,N/A,5.84037,6.05662,20251106,30.15292,22.81969,17.1907,0.24345,4.55824,4.66752,94.92969,94.92969,0.4945,289.36336,0.38128,N/A,N/A,5.84037,6.05662,20251106,30.15292,22.81969,17.1907
31-Oct-25,0.21838,4.57456,4.6676,94.85156,94.85156,-0.50418,-295.83621,0.34213,N/A,N/A,5.8731,6.05127,20251106,26.9509,20.40447,15.37416,0.21838,4.57456,4.6676,94.85156,94.85156,0.49515,290.53363,0.34213,N/A,N/A,5.8731,6.05127,20251106,26.9509,20.40447,15.37416
3-Nov-25,0.18923,4.57977,4.66767,94.76562,94.76562,-0.50376,-295.65438,0.29656,N/A,N/A,5.90999,6.00455,20251106,23.34951,17.68232,13.32339,0.18923,4.57977,4.66767,94.76562,94.76562,0.4959,291.04159,0.29656,N/A,N/A,5.90999,6.00455,20251106,23.34951,17.68232,13.32339
4-Nov-25,0.15428,4.56499,4.66771,94.92188,94.92188,-0.50313,-294.8134,0.24186,N/A,N/A,5.8779,6.0867,20251106,19.08034,14.46022,10.90248,0.15428,4.56499,4.66771,94.92188,94.92188,0.49665,291.01297,0.24186,N/A,N/A,5.8779,6.0867,20251106,19.08034,14.46022,10.90248
5-Nov-25,0.10896,4.57954,4.63099,94.5,94.5,-0.5028,-296.57638,0.17222,N/A,N/A,6.01155,6.02414,20251106,13.34853,10.12134,7.63494,0.10896,4.57954,4.63099,94.5,94.5,0.49709,293.20991,0.17222,N/A,N/A,6.01155,6.02414,20251106,13.34853,10.12134,7.63494
6-Nov-25,0.535,5.29369,5.44185,94.89062,94.89062,-0.50929,-296.73031,0.71322,N/A,N/A,5.89746,6.08565,20251204,66.62812,50.66793,38.25986,0.535,5.29369,5.44185,94.89062,94.89062,0.48764,284.11697,0.71322,N/A,N/A,5.89746,6.08565,20251204,66.62812,50.66793,38.25986
7-Nov-25,0.53885,5.48606,5.63618,94.88672,94.88672,-0.50934,-296.92678,0.69359,N/A,N/A,5.93073,6.08411,20251204,67.06489,51.01264,38.52598,0.53885,5.48606,5.63618,94.88672,94.88672,0.4877,284.31223,0.69359,N/A,N/A,5.93073,6.08411,20251204,67.06489,51.01264,38.52598
10-Nov-25,0.52236,5.48478,5.61523,94.80469,94.80469,-0.50927,-297.66642,0.67514,N/A,N/A,5.96441,6.02099,20251204,64.76002,49.02741,36.90765,0.52236,5.48478,5.61523,94.80469,94.80469,0.48809,285.28873,0.67514,N/A,N/A,5.96441,6.02099,20251204,64.76002,49.02741,36.90765
12-Nov-25,0.50174,5.42912,5.58513,94.99219,94.99219,-0.50941,-296.90365,0.65215,N/A,N/A,6.12874,6.53515,20251204,62.47354,47.19594,35.47389,0.50174,5.42912,5.58513,94.99219,94.99219,0.48816,284.51802,0.65215,N/A,N/A,6.12874,6.53515,20251204,62.47354,47.19594,35.47389
13-Nov-25,0.47972,5.38802,5.50667,94.71875,94.71875,-0.50916,-297.84788,0.63309,N/A,N/A,6.1586,6.60398,20251204,59.43029,44.90493,33.75929,0.47972,5.38802,5.50667,94.71875,94.71875,0.48852,285.77295,0.63309,N/A,N/A,6.1586,6.60398,20251204,59.43029,44.90493,33.75929
14-Nov-25,0.48317,5.64355,5.73015,94.50781,94.50781,-0.50901,-299.05237,0.61284,N/A,N/A,6.22853,6.62801,20251204,59.50624,45.16856,34.06427,0.48317,5.64355,5.73015,94.50781,94.50781,0.48878,287.16259,0.61284,N/A,N/A,6.22853,6.62801,20251204,59.50624,45.16856,34.06427
17-Nov-25,0.46239,5.62132,5.71765,94.47656,94.47656,-0.50916,-298.51405,0.58796,N/A,N/A,6.2442,6.52788,20251204,57.11867,43.46944,32.83914,0.46239,5.62132,5.71765,94.47656,94.47656,0.48896,286.66772,0.58796,N/A,N/A,6.2442,6.52788,20251204,57.11867,43.46944,32.83914
18-Nov-25,0.46278,5.87024,5.98367,94.5625,94.5625,-0.5092,-298.16831,0.56234,N/A,N/A,6.21874,6.72651,20251204,57.28846,43.78741,33.17792,0.46278,5.87024,5.98367,94.5625,94.5625,0.48903,286.35464,0.56234,N/A,N/A,6.21874,6.72651,20251204,57.28846,43.78741,33.17792
19-Nov-25,0.41582,5.54013,5.62981,94.41406,94.41406,-0.50878,-298.37167,0.53767,N/A,N/A,6.24837,6.6834,20251204,51.36878,38.82561,29.18916,0.41582,5.54013,5.62981,94.41406,94.41406,0.48956,287.0999,0.53767,N/A,N/A,6.24837,6.6834,20251204,51.36878,38.82561,29.18916
20-Nov-25,0.37353,5.23659,5.34349,94.57031,94.57031,-0.50846,-297.44222,0.50939,N/A,N/A,6.20807,6.66512,20251204,46.32706,35.03433,26.3503,0.37353,5.23659,5.34349,94.57031,94.57031,0.48998,286.63031,0.50939,N/A,N/A,6.20807,6.66512,20251204,46.32706,35.03433,26.3503
21-Nov-25,0.35793,5.30338,5.45266,94.89844,94.89844,-0.50825,-296.10608,0.47851,N/A,N/A,6.12416,6.8115,20251204,44.66573,33.70816,25.31128,0.35793,5.30338,5.45266,94.89844,94.89844,0.4903,285.64466,0.47851,N/A,N/A,6.12416,6.8115,20251204,44.66573,33.70816,25.31128
24-Nov-25,0.3094,4.88955,5.0504,95.08594,95.08594,-0.50781,-295.06779,0.44701,N/A,N/A,6.05941,6.78915,20251204,38.74174,29.18593,21.88836,0.3094,4.88955,5.0504,95.08594,95.08594,0.49107,285.34235,0.44701,N/A,N/A,6.05941,6.78915,20251204,38.74174,29.18593,21.88836
25-Nov-25,0.30447,5.17788,4.86773,95.42969,95.42969,-0.50698,-324.83485,0.45679,N/A,N/A,5.97089,6.98668,20251204,34.62092,26.08228,19.55992,0.30447,5.17788,4.86773,95.42969,95.42969,0.49201,315.24524,0.45679,N/A,N/A,5.97089,6.98668,20251204,34.62092,26.08228,19.55992
26-Nov-25,0.27499,5.1235,4.81314,95.40625,95.40625,-0.50635,-324.5843,0.41745,N/A,N/A,5.98354,6.97917,20251204,31.23815,23.53036,17.64525,0.27499,5.1235,4.81314,95.40625,95.40625,0.49275,315.86749,0.41745,N/A,N/A,5.98354,6.97917,20251204,31.23815,23.53036,17.64525
28-Nov-25,0.244,5.08917,4.75852,95.26562,95.26562,-0.50564,-325.17662,0.37487,N/A,N/A,6.04083,6.94005,20251204,27.59308,20.79229,15.59695,0.244,5.08917,4.75852,95.26562,95.26562,0.49368,317.48114,0.37487,N/A,N/A,6.04083,6.94005,20251204,27.59308,20.79229,15.59695
1-Dec-25,0.2164,5.23607,4.83198,94.78906,94.78906,-0.50486,-327.31788,0.32756,N/A,N/A,6.00748,6.55302,20251204,24.18816,18.2423,13.69203,0.2164,5.23607,4.83198,94.78906,94.78906,0.49481,320.80556,0.32756,N/A,N/A,6.00748,6.55302,20251204,24.18816,18.2423,13.69203
2-Dec-25,0.17253,5.10228,4.72235,94.97656,94.97656,-0.50396,-326.42177,0.26733,N/A,N/A,6.00616,6.5735,20251204,19.31628,14.57052,10.93752,0.17253,5.10228,4.72235,94.97656,94.97656,0.49582,321.15295,0.26733,N/A,N/A,6.00616,6.5735,20251204,19.31628,14.57052,10.93752
3-Dec-25,0.11881,4.95727,4.61268,95.1875,95.1875,-0.5028,-324.65968,0.18853,N/A,N/A,5.94198,6.57676,20251204,13.36381,10.11779,7.61519,0.11881,4.95727,4.61268,95.1875,95.1875,0.49709,320.97119,0.18853,N/A,N/A,5.94198,6.57676,20251204,13.36381,10.11779,7.61519
4-Dec-25,0.61501,5.51439,5.10123,94.76953,94.76953,-0.50831,-328.68478,0.87498,N/A,N/A,6.0816,6.69382,20260107,68.92406,52.71637,39.908,0.61501,5.51439,5.10123,94.76953,94.76953,0.4881,315.6219,0.87498,N/A,N/A,6.0816,6.69382,20260107,68.92406,52.71637,39.908
5-Dec-25,0.61945,5.68807,5.23811,94.70703,94.70703,-0.50817,-329.87105,0.85855,N/A,N/A,6.13739,6.48312,20260107,69.0199,52.61521,39.74057,0.61945,5.68807,5.23811,94.70703,94.70703,0.48835,317.00197,0.85855,N/A,N/A,6.13739,6.48312,20260107,69.0199,52.61521,39.74057
8-Dec-25,0.61755,5.82549,5.32992,94.43359,94.43359,-0.50825,-331.11236,0.84153,N/A,N/A,6.23748,6.56027,20260107,68.43053,52.17624,39.42247,0.61755,5.82549,5.32992,94.43359,94.43359,0.4886,318.31431,0.84153,N/A,N/A,6.23748,6.56027,20260107,68.43053,52.17624,39.42247
9-Dec-25,0.61785,5.98919,5.46265,94.27344,94.27344,-0.50822,-331.56831,0.82156,N/A,N/A,6.2988,6.62304,20260107,68.28052,52.20728,39.52674,0.61785,5.98919,5.46265,94.27344,94.27344,0.48873,318.85307,0.82156,N/A,N/A,6.2988,6.62304,20260107,68.28052,52.20728,39.52674
10-Dec-25,0.57195,5.67808,5.19813,94.5625,94.5625,-0.50819,-331.32995,0.79985,N/A,N/A,6.25828,6.7887,20260107,63.29663,48.28174,36.49181,0.57195,5.67808,5.19813,94.5625,94.5625,0.4889,318.75621,0.79985,N/A,N/A,6.25828,6.7887,20260107,63.29663,48.28174,36.49181
11-Dec-25,0.55598,5.66999,5.21208,94.71094,94.71094,-0.50831,-330.56923,0.77553,N/A,N/A,6.22602,6.79769,20260107,61.79113,47.13214,35.62038,0.55598,5.66999,5.21208,94.71094,94.71094,0.48889,317.94248,0.77553,N/A,N/A,6.22602,6.79769,20260107,61.79113,47.13214,35.62038
12-Dec-25,0.54444,5.74673,5.23553,94.3125,94.3125,-0.50809,-331.99448,0.75647,N/A,N/A,6.35199,7.08969,20260107,60.10177,45.90135,34.7214,0.54444,5.74673,5.23553,94.3125,94.3125,0.48922,319.66319,0.75647,N/A,N/A,6.35199,7.08969,20260107,60.10177,45.90135,34.7214
15-Dec-25,0.51353,5.58545,5.10005,94.5,94.5,-0.50815,-331.94573,0.73277,N/A,N/A,6.32685,7.07575,20260107,56.73968,43.22005,32.63182,0.51353,5.58545,5.10005,94.5,94.5,0.48947,319.74299,0.73277,N/A,N/A,6.32685,7.07575,20260107,56.73968,43.22005,32.63182
16-Dec-25,0.3833,4.30627,4.03569,94.6875,94.6875,-0.50785,-323.87397,0.59695,N/A,N/A,6.2633,7.05832,20260107,50.38963,38.94251,29.69821,0.3833,4.30627,4.03569,94.6875,94.6875,0.48986,312.40344,0.59695,N/A,N/A,6.2633,7.05832,20260107,50.38963,38.94251,29.69821
17-Dec-25,0.34962,4.07681,3.81662,94.66406,94.66406,-0.50775,-324.06774,0.57621,N/A,N/A,6.27715,7.1687,20260107,45.91098,35.27283,26.78987,0.34962,4.07681,3.81662,94.66406,94.66406,0.49007,312.78921,0.57621,N/A,N/A,6.27715,7.1687,20260107,45.91098,35.27283,26.78987
18-Dec-25,0.32527,3.93625,3.70627,94.92969,94.92969,-0.50775,-323.11889,0.55218,N/A,N/A,6.2057,7.17569,20260107,42.9087,32.97232,25.04776,0.32527,3.93625,3.70627,94.92969,94.92969,0.49017,311.93142,0.55218,N/A,N/A,6.2057,7.17569,20260107,42.9087,32.97232,25.04776
19-Dec-25,0.35437,4.48452,4.20446,94.80469,94.80469,-0.50774,-324.06848,0.58308,N/A,N/A,6.26872,6.97778,20260107,42.3018,32.51561,24.706,0.35437,4.48452,4.20446,94.80469,94.80469,0.49029,312.93198,0.58308,N/A,N/A,6.26872,6.97778,20260107,42.3018,32.51561,24.706
22-Dec-25,0.32219,4.27785,4.0007,94.74219,94.74219,-0.50756,-324.54998,0.55719,N/A,N/A,6.30504,7.01768,20260107,38.3487,29.47012,22.38572,0.32219,4.27785,4.0007,94.74219,94.74219,0.49078,313.81882,0.55719,N/A,N/A,6.30504,7.01768,20260107,38.3487,29.47012,22.38572
23-Dec-25,0.30469,4.26377,3.98604,94.74219,94.74219,-0.50728,-324.49128,0.52867,N/A,N/A,6.3192,6.9793,20260107,36.23044,27.84883,21.16008,0.30469,4.26377,3.98604,94.74219,94.74219,0.49116,314.18297,0.52867,N/A,N/A,6.3192,6.9793,20260107,36.23044,27.84883,21.16008
24-Dec-25,0.27697,4.09745,3.85199,95.04688,95.04688,-0.50695,-323.51343,0.49813,N/A,N/A,6.23779,7.07888,20260107,33.05085,25.30201,19.17092,0.27697,4.09745,3.85199,95.04688,95.04688,0.4916,313.71634,0.49813,N/A,N/A,6.23779,7.07888,20260107,33.05085,25.30201,19.17092
26-Dec-25,0.26886,4.25299,3.99584,95.00781,95.00781,-0.50661,-323.35767,0.46614,N/A,N/A,6.26365,6.92298,20260107,32.09019,24.71149,18.80017,0.26886,4.25299,3.99584,95.00781,95.00781,0.49214,314.1217,0.46614,N/A,N/A,6.26365,6.92298,20260107,32.09019,24.71149,18.80017
29-Dec-25,0.24098,4.11375,3.87126,95.0625,95.0625,-0.5062,-322.75854,0.43138,N/A,N/A,6.24711,6.85654,20260107,28.81183,22.15939,16.84101,0.24098,4.11375,3.87126,95.0625,95.0625,0.49287,314.25807,0.43138,N/A,N/A,6.24711,6.85654,20260107,28.81183,22.15939,16.84101
30-Dec-25,0.22383,4.18592,3.93195,95.04688,95.04688,-0.50563,-322.93475,0.39428,N/A,N/A,6.24391,6.82249,20260107,26.69727,20.64462,15.75038,0.22383,4.18592,3.93195,95.04688,95.04688,0.49354,315.21427,0.39428,N/A,N/A,6.24391,6.82249,20260107,26.69727,20.64462,15.75038
31-Dec-25,0.1939,4.05839,3.80081,94.9375,94.9375,-0.50493,-323.08082,0.35387,N/A,N/A,6.30154,6.92688,20260107,23.05927,17.86405,13.64691,0.1939,4.05839,3.80081,94.9375,94.9375,0.49434,316.30435,0.35387,N/A,N/A,6.30154,6.92688,20260107,23.05927,17.86405,13.64691
2-Jan-26,0.18357,4.44687,4.14303,94.69531,94.69531,-0.50433,-323.5528,0.30724,N/A,N/A,6.388,6.88493,20260107,21.74367,16.97086,13.03228,0.18357,4.44687,4.14303,94.69531,94.69531,0.49516,317.66463,0.30724,N/A,N/A,6.388,6.88493,20260107,21.74367,16.97086,13.03228
5-Jan-26,0.14491,4.28945,4.01332,94.88281,94.88281,-0.50362,-322.36833,0.25034,N/A,N/A,6.34821,6.92452,20260107,17.22499,13.41371,10.28291,0.14491,4.28945,4.01332,94.88281,94.88281,0.49618,317.6026,0.25034,N/A,N/A,6.34821,6.92452,20260107,17.22499,13.41371,10.28291
6-Jan-26,0.09475,3.96851,3.70581,94.82031,94.82031,-0.50245,-322.03275,0.17748,N/A,N/A,6.37661,6.65859,20260107,11.24019,8.69056,6.62957,0.09475,3.96851,3.70581,94.82031,94.82031,0.49745,318.8296,0.17748,N/A,N/A,6.37661,6.65859,20260107,11.24019,8.69056,6.62957
7-Jan-26,0.50272,4.71828,4.43432,94.89453,94.89453,-0.50796,-323.73819,0.78217,N/A,N/A,6.33032,6.46173,20260205,60.11032,46.89536,36.038,0.50272,4.71828,4.43432,94.89453,94.89453,0.48908,311.7025,0.78217,N/A,N/A,6.33032,6.46173,20260205,60.11032,46.89536,36.038
8-Jan-26,0.49603,4.78699,4.47051,94.67578,94.67578,-0.5078,-324.93991,0.76595,N/A,N/A,6.41195,6.15099,20260205,58.95445,45.84442,35.15604,0.49603,4.78699,4.47051,94.67578,94.67578,0.48934,313.12792,0.76595,N/A,N/A,6.41195,6.15099,20260205,58.95445,45.84442,35.15604
9-Jan-26,0.46699,4.59021,4.32277,95.49219,95.49219,-0.50775,-324.97502,0.74601,N/A,N/A,6.18262,6.55374,20260205,55.4494,42.498,32.27036,0.46699,4.59021,4.32277,95.49219,95.49219,0.4895,313.29689,0.74601,N/A,N/A,6.18262,6.55374,20260205,55.4494,42.498,32.27036
12-Jan-26,0.4327,4.37006,4.11165,95.60156,95.60156,-0.50772,-325.63068,0.72683,N/A,N/A,6.22702,6.27818,20260205,51.22764,38.93181,29.3885,0.4327,4.37006,4.11165,95.60156,95.60156,0.48983,314.15702,0.72683,N/A,N/A,6.22702,6.27818,20260205,51.22764,38.93181,29.3885
13-Jan-26,0.40366,4.20151,3.95486,95.60938,95.60938,-0.5077,-325.49471,0.70523,N/A,N/A,6.24237,6.20641,20260205,47.84075,36.17988,27.21324,0.40366,4.20151,3.95486,95.60938,95.60938,0.48996,314.12011,0.70523,N/A,N/A,6.24237,6.20641,20260205,47.84075,36.17988,27.21324
14-Jan-26,0.392,4.20728,3.97251,95.75,95.75,-0.50777,-325.01798,0.68212,N/A,N/A,6.18725,5.49978,20260205,46.58204,35.18826,26.44449,0.392,4.20728,3.97251,95.75,95.75,0.48998,313.63153,0.68212,N/A,N/A,6.18725,5.49978,20260205,46.58204,35.18826,26.44449
15-Jan-26,0.36213,4.02699,3.79027,95.64844,95.64844,-0.50765,-325.62635,0.66102,N/A,N/A,6.20729,5.51866,20260205,42.86377,32.1902,24.09515,0.36213,4.02699,3.79027,95.64844,95.64844,0.49021,314.43578,0.66102,N/A,N/A,6.20729,5.51866,20260205,42.86377,32.1902,24.09515
16-Jan-26,0.37307,4.31755,4.03382,95.36719,95.36719,-0.5138,-331.03687,0.63849,N/A,N/A,6.33568,5.38971,20260205,43.88314,33.12482,24.88722,0.37307,4.31755,4.03382,95.36719,95.36719,0.48417,311.94418,0.63849,N/A,N/A,6.33568,5.38971,20260205,43.88314,33.12482,24.88722
20-Jan-26,0.41342,5.00283,4.63775,94.89062,94.89062,-0.51391,-332.03349,0.61512,N/A,N/A,6.47867,5.91199,20260205,48.43219,36.0576,26.81657,0.41342,5.00283,4.63775,94.89062,94.89062,0.48446,313.00678,0.61512,N/A,N/A,6.47867,5.91199,20260205,48.43219,36.0576,26.81657
21-Jan-26,0.35277,4.44801,4.13895,95.10938,95.10938,-0.51372,-331.4246,0.58857,N/A,N/A,6.39298,5.73457,20260205,41.41166,30.90802,23.03097,0.35277,4.44801,4.13895,95.10938,95.10938,0.48475,312.7402,0.58857,N/A,N/A,6.39298,5.73457,20260205,41.41166,30.90802,23.03097
22-Jan-26,0.30697,4.06049,3.77377,95.07422,95.07422,-0.51331,-331.44062,0.56251,N/A,N/A,6.39099,5.74712,20260205,35.97415,26.80312,19.94873,0.30697,4.06049,3.77377,95.07422,95.07422,0.48527,313.33544,0.56251,N/A,N/A,6.39099,5.74712,20260205,35.97415,26.80312,19.94873
23-Jan-26,0.30975,4.31475,4.01779,95.15625,95.15625,-0.51288,-330.8157,0.53317,N/A,N/A,6.37775,5.72407,20260205,36.36211,27.23084,20.34268,0.30975,4.31475,4.01779,95.15625,95.15625,0.48579,313.34201,0.53317,N/A,N/A,6.37775,5.72407,20260205,36.36211,27.23084,20.34268
26-Jan-26,0.28037,4.12864,3.86364,95.44531,95.44531,-0.51232,-329.81451,0.50217,N/A,N/A,6.29863,5.86123,20260205,33.00805,24.70857,18.45301,0.28037,4.12864,3.86364,95.44531,95.44531,0.48666,313.29353,0.50217,N/A,N/A,6.29863,5.86123,20260205,33.00805,24.70857,18.45301
27-Jan-26,0.25911,4.07463,3.81582,95.53906,95.53906,-0.51147,-329.35715,0.47017,N/A,N/A,6.29535,5.71669,20260205,30.50247,22.89134,17.12646,0.25911,4.07463,3.81582,95.53906,95.53906,0.48761,313.98854,0.47017,N/A,N/A,6.29535,5.71669,20260205,30.50247,22.89134,17.12646
28-Jan-26,0.23395,3.97463,3.71301,95.50781,95.50781,-0.51045,-329.4038,0.43594,N/A,N/A,6.32233,5.65515,20260205,27.44218,20.45848,15.23322,0.23395,3.97463,3.71301,95.50781,95.50781,0.48873,315.38447,0.43594,N/A,N/A,6.32233,5.65515,20260205,27.44218,20.45848,15.23322
29-Jan-26,0.21213,3.94487,3.69907,95.57031,95.57031,-0.50949,-327.76527,0.39746,N/A,N/A,6.32245,5.59172,20260205,25.00744,18.58942,13.81162,0.21213,3.94487,3.69907,95.57031,95.57031,0.48979,315.09258,0.39746,N/A,N/A,6.32245,5.59172,20260205,25.00744,18.58942,13.81162
30-Jan-26,0.21311,4.43142,4.15118,95.54688,95.54688,-0.50847,-327.3499,0.35578,N/A,N/A,6.35431,5.58402,20260205,25.10402,18.96727,14.25879,0.21311,4.43142,4.15118,95.54688,95.54688,0.49092,316.05397,0.35578,N/A,N/A,6.35431,5.58402,20260205,25.10402,18.96727,14.25879
2-Feb-26,0.17055,4.10455,3.82454,95.29688,95.29688,-0.50721,-327.42583,0.30931,N/A,N/A,6.4121,5.7059,20260205,19.99745,14.97831,11.18934,0.17055,4.10455,3.82454,95.29688,95.29688,0.49249,317.92576,0.30931,N/A,N/A,6.4121,5.7059,20260205,19.99745,14.97831,11.18934
3-Feb-26,0.13532,3.9921,3.71911,95.20312,95.20312,-0.50576,-326.22951,0.25247,N/A,N/A,6.41029,5.50223,20260205,15.88342,11.89456,8.88469,0.13532,3.9921,3.71911,95.20312,95.20312,0.49403,318.66402,0.25247,N/A,N/A,6.41029,5.50223,20260205,15.88342,11.89456,8.88469
4-Feb-26,0.09178,3.83274,3.56679,95.10938,95.10938,-0.5039,-325.05837,0.17862,N/A,N/A,6.42355,5.49368,20260205,10.77274,8.06721,6.02595,0.09178,3.83274,3.56679,95.10938,95.10938,0.496,319.96352,0.17862,N/A,N/A,6.42355,5.49368,20260205,10.77274,8.06721,6.02595
5-Feb-26,0.47831,4.5825,4.31067,95.36719,95.36719,-0.51385,-328.81906,0.76387,N/A,N/A,6.30905,5.32386,20260305,56.91965,43.60529,33.10649,0.47831,4.5825,4.31067,95.36719,95.36719,0.48331,309.27317,0.76387,N/A,N/A,6.30905,5.32386,20260305,56.91965,43.60529,33.10649
6-Feb-26,0.46688,4.58844,4.32323,95.50391,95.50391,-0.51389,-328.78478,0.74357,N/A,N/A,6.26336,5.62673,20260305,55.55923,42.72737,32.52709,0.46688,4.58844,4.32323,95.50391,95.50391,0.48337,309.25909,0.74357,N/A,N/A,6.26336,5.62673,20260305,55.55923,42.72737,32.52709
9-Feb-26,0.44302,4.47696,4.22318,95.54297,95.54297,-0.51404,-328.62338,0.72262,N/A,N/A,6.24614,5.56849,20260305,52.79379,40.90957,31.30081,0.44302,4.47696,4.22318,95.54297,95.54297,0.48353,309.12179,0.72262,N/A,N/A,6.24614,5.56849,20260305,52.79379,40.90957,31.30081
10-Feb-26,0.42736,4.43542,4.2179,95.88281,95.88281,-0.5142,-327.24575,0.69797,N/A,N/A,6.14609,5.24635,20260305,51.2788,39.89047,30.60264,0.42736,4.43542,4.2179,95.88281,95.88281,0.48347,307.68925,0.69797,N/A,N/A,6.14609,5.24635,20260305,51.2788,39.89047,30.60264
11-Feb-26,0.3806,4.08655,3.86709,95.71094,95.71094,-0.51403,-328.15823,0.6786,N/A,N/A,6.34553,5.5495,20260305,45.43448,35.39484,27.18214,0.3806,4.08655,3.86709,95.71094,95.71094,0.48374,308.82353,0.6786,N/A,N/A,6.34553,5.5495,20260305,45.43448,35.39484,27.18214
12-Feb-26,0.40241,4.44402,4.2664,96.3125,96.3125,-0.51379,-325.34885,0.64991,N/A,N/A,5.88983,6.01737,20260305,48.62576,37.53045,28.64129,0.40241,4.44402,4.2664,96.3125,96.3125,0.48407,306.52925,0.64991,N/A,N/A,5.88983,6.01737,20260305,48.62576,37.53045,28.64129
13-Feb-26,0.41495,4.73396,4.58728,96.74219,96.74219,-0.51401,-323.90909,0.62288,N/A,N/A,6.25176,6.25663,20260305,50.52064,39.09864,29.88723,0.41495,4.73396,4.58728,96.74219,96.74219,0.48395,304.96722,0.62288,N/A,N/A,6.25176,6.25663,20260305,50.52064,39.09864,29.88723
17-Feb-26,0.38898,4.61992,4.47361,96.67969,96.67969,-0.51407,-323.96307,0.59911,N/A,N/A,5.89226,6.26205,20260305,47.33714,36.64502,28.0159,0.38898,4.61992,4.47361,96.67969,96.67969,0.4843,305.20388,0.59911,N/A,N/A,5.89226,6.26205,20260305,47.33714,36.64502,28.0159
18-Feb-26,0.35008,4.34838,4.19022,96.54688,96.54688,-0.51373,-324.88296,0.57627,N/A,N/A,5.9123,6.64727,20260305,42.38776,32.72497,24.97371,0.35008,4.34838,4.19022,96.54688,96.54688,0.48474,306.54874,0.57627,N/A,N/A,5.9123,6.64727,20260305,42.38776,32.72497,24.97371
19-Feb-26,0.33786,4.40309,4.24633,96.5,96.5,-0.51346,-324.29713,0.54924,N/A,N/A,5.90272,6.38013,20260305,40.96967,31.56069,24.05212,0.33786,4.40309,4.24633,96.5,96.5,0.48511,306.38975,0.54924,N/A,N/A,5.90272,6.38013,20260305,40.96967,31.56069,24.05212
20-Feb-26,0.32515,4.4633,4.3051,96.5625,96.5625,-0.51296,-324.134,0.52159,N/A,N/A,5.88786,6.35743,20260305,39.39999,30.53159,23.35948,0.32515,4.4633,4.3051,96.5625,96.5625,0.48572,306.9227,0.52159,N/A,N/A,5.88786,6.35743,20260305,39.39999,30.53159,23.35948
23-Feb-26,0.30932,4.48623,4.37691,96.90625,96.90625,-0.51262,-321.38319,0.48816,N/A,N/A,5.89096,6.23257,20260305,37.90947,29.39009,22.48603,0.30932,4.48623,4.37691,96.90625,96.90625,0.48636,304.91958,0.48816,N/A,N/A,5.89096,6.23257,20260305,37.90947,29.39009,22.48603
24-Feb-26,0.27305,4.23455,4.12754,96.875,96.875,-0.51169,-320.99243,0.45742,N/A,N/A,5.90472,6.24618,20260305,33.42195,25.87829,19.78456,0.27305,4.23455,4.12754,96.875,96.875,0.4874,305.75505,0.45742,N/A,N/A,5.90472,6.24618,20260305,33.42195,25.87829,19.78456
25-Feb-26,0.24519,4.11375,3.98971,96.71094,96.71094,-0.51064,-321.40091,0.42505,N/A,N/A,5.95003,6.25726,20260305,29.86016,23.15469,17.72163,0.24519,4.11375,3.98971,96.71094,96.71094,0.48855,307.49725,0.42505,N/A,N/A,5.95003,6.25726,20260305,29.86016,23.15469,17.72163
26-Feb-26,0.22059,4.04394,3.94247,96.94531,96.94531,-0.50966,-319.89163,0.38757,N/A,N/A,5.88592,6.43316,20260305,26.97065,20.8794,15.96336,0.22059,4.04394,3.94247,96.94531,96.94531,0.48963,307.3225,0.38757,N/A,N/A,5.88592,6.43316,20260305,26.97065,20.8794,15.96336
27-Feb-26,0.24218,4.94944,4.88184,97.21875,97.21875,-0.50905,-316.7015,0.34349,N/A,N/A,5.79572,6.50823,20260305,29.98353,23.91348,18.6427,0.24218,4.94944,4.88184,97.21875,97.21875,0.49033,305.05295,0.34349,N/A,N/A,5.79572,6.50823,20260305,29.98353,23.91348,18.6427
2-Mar-26,0.20427,4.84787,4.70019,96.64062,96.64062,-0.50759,-319.35668,0.30111,N/A,N/A,5.99642,6.48276,20260305,24.87843,19.84291,15.47103,0.20427,4.84787,4.70019,96.64062,96.64062,0.4921,309.60767,0.30111,N/A,N/A,5.99642,6.48276,20260305,24.87843,19.84291,15.47103
3-Mar-26,0.17305,5.03782,4.87495,96.47656,96.47656,-0.50617,-318.53322,0.24598,N/A,N/A,6.02625,6.58277,20260305,21.06366,16.83268,13.14201,0.17305,5.03782,4.87495,96.47656,96.47656,0.49362,310.63716,0.24598,N/A,N/A,6.02625,6.58277,20260305,21.06366,16.83268,13.14201
4-Mar-26,0.1075,4.43243,4.26948,96.32812,96.32812,-0.50545,-319.05195,0.17474,N/A,N/A,6.03006,6.53364,20260305,13.02368,10.30729,7.99926,0.1075,4.43243,4.26948,96.32812,96.32812,0.49445,312.1077,0.17474,N/A,N/A,6.03006,6.53364,20260305,13.02368,10.30729,7.99926
5-Mar-26,0.58191,5.17166,4.93873,95.57812,95.57812,-0.51918,-327.98361,0.80539,N/A,N/A,6.15144,6.55669,20260406,70.51316,56.24533,43.84471,0.58191,5.17166,4.93873,95.57812,95.57812,0.47757,301.69831,0.80539,N/A,N/A,6.15144,6.55669,20260406,70.51316,56.24533,43.84471
6-Mar-26,0.62506,5.68345,5.44338,95.60938,95.60938,-0.51945,-327.30591,0.78335,N/A,N/A,6.13844,6.52643,20260406,76.0549,59.78344,46.15592,0.62506,5.68345,5.44338,95.60938,95.60938,0.4774,300.8051,0.78335,N/A,N/A,6.13844,6.52643,20260406,76.0549,59.78344,46.15592
9-Mar-26,0.59863,5.58114,5.33126,95.51953,95.51953,-0.51897,-327.5601,0.76694,N/A,N/A,6.15233,6.67806,20260406,72.62363,57.10965,44.11567,0.59863,5.58114,5.33126,95.51953,95.51953,0.47818,301.81349,0.76694,N/A,N/A,6.15233,6.67806,20260406,72.62363,57.10965,44.11567
10-Mar-26,0.52644,5.0287,4.7969,95.64062,95.64062,-0.51877,-328.30389,0.7516,N/A,N/A,6.10979,6.65225,20260406,63.66379,49.94498,38.51391,0.52644,5.0287,4.7969,95.64062,95.64062,0.47848,302.80723,0.7516,N/A,N/A,6.10979,6.65225,20260406,63.66379,49.94498,38.51391
11-Mar-26,0.56181,5.54161,5.23696,95.14844,95.14844,-0.51872,-329.65119,0.73431,N/A,N/A,6.24619,6.6905,20260406,67.50251,52.86737,40.71941,0.56181,5.54161,5.23696,95.14844,95.14844,0.47863,304.17538,0.73431,N/A,N/A,6.24619,6.6905,20260406,67.50251,52.86737,40.71941
12-Mar-26,0.65032,6.64913,6.21408,94.44531,94.44531,-0.51874,-330.88882,0.71453,N/A,N/A,6.39868,7.08999,20260406,77.57343,61.11761,47.27813,0.65032,6.64913,6.21408,94.44531,94.44531,0.47871,305.35486,0.71453,N/A,N/A,6.39868,7.08999,20260406,77.57343,61.11761,47.27813
13-Mar-26,0.62089,6.54616,6.10972,94.39844,94.39844,-0.51872,-331.15332,0.69469,N/A,N/A,6.42309,7.09029,20260406,74.00995,58.45245,45.28586,0.62089,6.54616,6.10972,94.39844,94.39844,0.47883,305.68649,0.69469,N/A,N/A,6.42309,7.09029,20260406,74.00995,58.45245,45.28586
16-Mar-26,0.53145,5.74845,5.41542,95,95,-0.51888,-330.27252,0.67256,N/A,N/A,6.3067,7.25632,20260406,63.67738,50.37677,39.06034,0.53145,5.74845,5.41542,95,95,0.47898,304.87722,0.67256,N/A,N/A,6.3067,7.25632,20260406,63.67738,50.37677,39.06034
17-Mar-26,0.46966,5.25059,4.95519,95.13281,95.13281,-0.51885,-330.12506,0.65088,N/A,N/A,6.26609,7.13129,20260406,56.31362,44.72584,34.7694,0.46966,5.25059,4.95519,95.13281,95.13281,0.47912,304.84793,0.65088,N/A,N/A,6.26609,7.13129,20260406,56.31362,44.72584,34.7694
18-Mar-26,0.46828,5.45733,5.1076,94.69531,94.69531,-0.51874,-331.2863,0.62983,N/A,N/A,6.37915,7.19038,20260406,55.79003,44.40111,34.5694,0.46828,5.45733,5.1076,94.69531,94.69531,0.47933,306.11653,0.62983,N/A,N/A,6.37915,7.19038,20260406,55.79003,44.40111,34.5694
19-Mar-26,0.46706,5.68627,5.28773,94.33594,94.33594,-0.51859,-332.06686,0.607,N/A,N/A,6.45471,7.29102,20260406,55.3499,45.35602,35.99295,0.46706,5.68627,5.28773,94.33594,94.33594,0.47957,307.08057,0.607,N/A,N/A,6.45471,7.29102,20260406,55.3499,45.35602,35.99295
20-Mar-26,0.58202,7.46711,6.83421,93.49219,93.49219,-0.49924,-321.8942,0.58879,N/A,N/A,6.62945,7.39075,20260406,67.93654,56.4526,45.19463,0.58202,7.46711,6.83421,93.49219,93.49219,0.49903,321.75652,0.58879,N/A,N/A,6.62945,7.39075,20260406,67.93654,56.4526,45.19463
23-Mar-26,0.4881,6.52918,6.0214,94.01562,94.01562,-0.49946,-321.38276,0.56114,N/A,N/A,6.56089,7.55943,20260406,57.23641,47.67817,38.20923,0.4881,6.52918,6.0214,94.01562,94.01562,0.49911,321.16193,0.56114,N/A,N/A,6.56089,7.55943,20260406,57.23641,47.67817,38.20923
24-Mar-26,0.48878,6.92174,6.33511,93.60156,93.60156,-0.4995,-322.43577,0.53413,N/A,N/A,6.65702,7.67515,20260406,56.97569,47.30302,37.84258,0.48878,6.92174,6.33511,93.60156,93.60156,0.49917,322.22506,0.53413,N/A,N/A,6.65702,7.67515,20260406,56.97569,47.30302,37.84258
25-Mar-26,0.43812,6.54725,6.04194,94.07031,94.07031,-0.49975,-321.54843,0.50221,N/A,N/A,6.58113,7.68305,20260406,51.37317,42.85958,34.38288,0.43812,6.54725,6.04194,94.07031,94.07031,0.49903,321.08792,0.50221,N/A,N/A,6.58113,7.68305,20260406,51.37317,42.85958,34.38288
26-Mar-26,0.48277,7.76913,7.08117,93.375,93.375,-0.49986,-323.2306,0.47205,N/A,N/A,6.72183,7.70137,20260406,56.08484,47.30797,38.23278,0.48277,7.76913,7.08117,93.375,93.375,0.49902,322.68383,0.47205,N/A,N/A,6.72183,7.70137,20260406,56.08484,47.30797,38.23278
27-Mar-26,0.48189,8.38262,7.62221,93.29688,93.29688,-0.50006,-323.85389,0.43796,N/A,N/A,6.76833,7.68274,20260406,55.9165,47.20079,38.15507,0.48189,8.38262,7.62221,93.29688,93.29688,0.49893,323.12165,0.43796,N/A,N/A,6.76833,7.68274,20260406,55.9165,47.20079,38.15507
30-Mar-26,0.40272,7.61868,7.01241,93.94531,93.94531,-0.50044,-322.40684,0.39809,N/A,N/A,6.66437,7.72588,20260406,47.16508,38.68082,30.70409,0.40272,7.61868,7.01241,93.94531,93.94531,0.49885,321.37897,0.39809,N/A,N/A,6.66437,7.72588,20260406,47.16508,38.68082,30.70409
31-Mar-26,0.31603,6.65995,6.16074,94.28125,94.28125,-0.50047,-321.9607,0.35573,N/A,N/A,6.61743,7.97364,20260406,37.12154,30.31751,24.00393,0.31603,6.65995,6.16074,94.28125,94.28125,0.49892,320.96584,0.35573,N/A,N/A,6.61743,7.97364,20260406,37.12154,30.31751,24.00393
1-Apr-26,0.25257,6.13871,5.67417,94.38281,94.38281,-0.50043,-322.53016,0.30871,N/A,N/A,6.61419,7.99208,20260406,29.58978,24.09025,19.03811,0.25257,6.13871,5.67417,94.38281,94.38281,0.49907,321.65501,0.30871,N/A,N/A,6.61419,7.99208,20260406,29.58978,24.09025,19.03811
2-Apr-26,0.18954,5.63441,5.21668,94.5,94.5,-0.50039,-322.37222,0.25218,N/A,N/A,6.60476,8.01186,20260406,22.2236,17.92807,14.08761,0.18954,5.63441,5.21668,94.5,94.5,0.4992,321.6082,0.25218,N/A,N/A,6.60476,8.01186,20260406,22.2236,17.92807,14.08761
3-Apr-26,0.13346,5.62048,5.18164,94.32812,94.32812,-0.50031,-323.11272,0.17881,N/A,N/A,6.64253,8.0252,20260406,15.58379,12.52476,9.81615,0.13346,5.62048,5.18164,94.32812,94.32812,0.49938,322.50943,0.17881,N/A,N/A,6.64253,8.0252,20260406,15.58379,12.52476,9.81615
6-Apr-26,0.61269,5.51277,5.10443,94.38672,94.38672,-0.49858,-320.80019,0.82935,N/A,N/A,6.61749,8.05884,20260506,71.7665,58.27759,45.95763,0.61269,5.51277,5.10443,94.38672,94.38672,0.49838,320.66574,0.82935,N/A,N/A,6.61749,8.05884,20260506,71.7665,58.27759,45.95763
7-Apr-26,0.62949,5.80769,5.36897,94.20703,94.20703,-0.49868,-320.76033,0.8099,N/A,N/A,6.67811,8.06309,20260506,73.77921,59.86148,47.18964,0.62949,5.80769,5.36897,94.20703,94.20703,0.49838,320.56925,0.8099,N/A,N/A,6.67811,8.06309,20260506,73.77921,59.86148,47.18964
8-Apr-26,0.58347,5.48657,5.11348,94.70312,94.70312,-0.49881,-319.92559,0.78846,N/A,N/A,6.58553,8.11844,20260506,68.74149,55.23851,43.26521,0.58347,5.48657,5.11348,94.70312,94.70312,0.49836,319.63407,0.78846,N/A,N/A,6.58553,8.11844,20260506,68.74149,55.23851,43.26521
9-Apr-26,0.5157,4.97229,4.63033,94.75,94.75,-0.49872,-320.29254,0.77047,N/A,N/A,6.58309,8.19265,20260506,60.68108,48.42696,37.75268,0.5157,4.97229,4.63033,94.75,94.75,0.49855,320.18158,0.77047,N/A,N/A,6.58309,8.19265,20260506,60.68108,48.42696,37.75268
10-Apr-26,0.51415,5.09899,4.73536,94.63281,94.63281,-0.49871,-320.76307,0.75121,N/A,N/A,6.62168,7.93807,20260506,60.35464,47.97538,37.30779,0.51415,5.09899,4.73536,94.63281,94.63281,0.49866,320.73031,0.75121,N/A,N/A,6.62168,7.93807,20260506,60.35464,47.97538,37.30779
13-Apr-26,0.49238,5.01785,4.67136,94.73438,94.73438,-0.49891,-320.45786,0.72932,N/A,N/A,6.59758,7.91153,20260506,57.93633,46.13352,35.91446,0.49238,5.01785,4.67136,94.73438,94.73438,0.49875,320.3531,0.72932,N/A,N/A,6.59758,7.91153,20260506,57.93633,46.13352,35.91446
14-Apr-26,0.42228,4.42487,4.13733,94.96094,94.96094,-0.49894,-319.84453,0.70671,N/A,N/A,6.5359,7.72381,20260506,49.87402,39.82411,31.05886,0.42228,4.42487,4.13733,94.96094,94.96094,0.49882,319.76555,0.70671,N/A,N/A,6.5359,7.72381,20260506,49.87402,39.82411,31.05886
15-Apr-26,0.412,4.46483,4.16094,94.82031,94.82031,-0.49893,-320.41723,0.6859,N/A,N/A,6.58693,7.71521,20260506,48.52101,38.7159,30.18104,0.412,4.46483,4.16094,94.82031,94.82031,0.49894,320.42415,0.6859,N/A,N/A,6.58693,7.71521,20260506,48.52101,38.7159,30.18104
16-Apr-26,0.40556,4.5518,4.22955,94.75781,94.75781,-0.48831,-314.31054,0.66606,N/A,N/A,6.63728,7.59476,20260506,47.53785,37.94381,29.59149,0.40556,4.5518,4.22955,94.75781,94.75781,0.50967,328.06083,0.66606,N/A,N/A,6.63728,7.59476,20260506,47.53785,37.94381,29.59149
17-Apr-26,0.39679,4.60021,4.312,95.1875,95.1875,-0.48849,-313.10815,0.63919,N/A,N/A,6.53389,7.38973,20260506,46.84781,37.38448,29.14413,0.39679,4.60021,4.312,95.1875,95.1875,0.50959,326.63603,0.63919,N/A,N/A,6.53389,7.38973,20260506,46.84781,37.38448,29.14413
20-Apr-26,0.38679,4.67279,4.3729,95.04688,95.04688,-0.48871,-313.29756,0.61443,N/A,N/A,6.58662,7.21433,20260506,45.65082,36.40053,28.35682,0.38679,4.67279,4.3729,95.04688,95.04688,0.50968,326.73957,0.61443,N/A,N/A,6.58662,7.21433,20260506,45.65082,36.40053,28.35682
21-Apr-26,0.3809,4.82126,4.48549,94.74219,94.74219,-0.48889,-314.246,0.5898,N/A,N/A,6.68326,7.12088,20260506,44.74619,35.68001,27.80278,0.3809,4.82126,4.48549,94.74219,94.74219,0.50959,327.55097,0.5898,N/A,N/A,6.68326,7.12088,20260506,44.74619,35.68001,27.80278
22-Apr-26,0.35591,4.7235,4.39374,94.75781,94.75781,-0.48929,-314.61126,0.56271,N/A,N/A,6.69662,7.04453,20260506,41.79069,33.35569,26.00876,0.35591,4.7235,4.39374,94.75781,94.75781,0.50929,327.47139,0.56271,N/A,N/A,6.69662,7.04453,20260506,41.79069,33.35569,26.00876
23-Apr-26,0.34856,4.88753,4.52531,94.53125,94.53125,-0.48981,-315.64925,0.53503,N/A,N/A,6.76255,7.06663,20260506,40.78025,32.70287,25.58584,0.34856,4.88753,4.52531,94.53125,94.53125,0.50887,327.93438,0.53503,N/A,N/A,6.76255,7.06663,20260506,40.78025,32.70287,25.58584
24-Apr-26,0.33433,4.9653,4.60712,94.65625,94.65625,-0.49058,-315.89263,0.5041,N/A,N/A,6.74123,6.68663,20260506,39.19123,31.82308,25.09405,0.33433,4.9653,4.60712,94.65625,94.65625,0.5082,327.23663,0.5041,N/A,N/A,6.74123,6.68663,20260506,39.19123,31.82308,25.09405
27-Apr-26,0.30959,4.9218,4.54911,94.5,94.5,-0.49148,-317.17277,0.4727,N/A,N/A,6.78369,6.75522,20260506,36.16892,29.40123,23.19551,0.30959,4.9218,4.54911,94.5,94.5,0.50761,327.5838,0.4727,N/A,N/A,6.78369,6.75522,20260506,36.16892,29.40123,23.19551
28-Apr-26,0.2945,5.06875,4.6691,94.27344,94.27344,-0.4924,-318.07976,0.43802,N/A,N/A,6.83481,7.06632,20260506,34.33802,27.89092,21.9985,0.2945,5.06875,4.6691,94.27344,94.27344,0.50679,327.378,0.43802,N/A,N/A,6.83481,7.06632,20260506,34.33802,27.89092,21.9985
29-Apr-26,0.26221,4.97292,4.53341,93.71094,93.71094,-0.49326,-320.04672,0.40172,N/A,N/A,6.95221,7.32389,20260506,30.34033,24.45714,19.1999,0.26221,4.97292,4.53341,93.71094,93.71094,0.50603,328.33622,0.40172,N/A,N/A,6.95221,7.32389,20260506,30.34033,24.45714,19.1999
30-Apr-26,0.23064,4.88104,4.46327,93.88281,93.88281,-0.49428,-320.3163,0.35888,N/A,N/A,6.92894,7.33773,20260506,26.76226,21.70632,17.11071,0.23064,4.88104,4.46327,93.88281,93.88281,0.50511,327.33924,0.35888,N/A,N/A,6.92894,7.33773,20260506,26.76226,21.70632,17.11071
1-May-26,0.21403,5.2254,4.78289,93.96094,93.96094,-0.49536,-320.96448,0.31059,N/A,N/A,6.91519,7.29289,20260506,24.84025,20.43103,16.24645,0.21403,5.2254,4.78289,93.96094,93.96094,0.50414,326.65466,0.31059,N/A,N/A,6.91519,7.29289,20260506,24.84025,20.43103,16.24645
4-May-26,0.17745,5.33752,4.83201,93.375,93.375,-0.49649,-323.23278,0.25472,N/A,N/A,7.03153,7.60949,20260506,20.42712,17.06936,13.70574,0.17745,5.33752,4.83201,93.375,93.375,0.50331,327.6725,0.25472,N/A,N/A,7.03153,7.60949,20260506,20.42712,17.06936,13.70574
5-May-26,0.11302,4.7946,4.3573,93.61719,93.61719,-0.49776,-323.64837,0.1801,N/A,N/A,6.99301,7.61671,20260506,13.04191,10.80741,8.63403,0.11302,4.7946,4.3573,93.61719,93.61719,0.50214,326.49578,0.1801,N/A,N/A,6.99301,7.61671,20260506,13.04191,10.80741,8.63403
6-May-26,0.52383,4.95791,4.5517,94.09766,94.09766,-0.48766,-315.49035,0.7989,N/A,N/A,6.89485,7.72775,20260604,60.76981,50.68161,40.677,0.52383,4.95791,4.5517,94.09766,94.09766,0.50941,329.5609,0.7989,N/A,N/A,6.89485,7.72775,20260604,60.76981,50.68161,40.677
7-May-26,0.51521,5.01667,4.58006,93.83203,93.83203,-0.48762,-316.33277,0.78096,N/A,N/A,6.95909,7.46685,20260604,59.49177,49.24151,39.34666,0.51521,5.01667,4.58006,93.83203,93.83203,0.50956,330.56093,0.78096,N/A,N/A,6.95909,7.46685,20260604,59.49177,49.24151,39.34666
8-May-26,0.48208,4.80475,4.40763,94.17188,94.17188,-0.48774,-316.03703,0.75942,N/A,N/A,6.90005,7.60106,20260604,55.80457,46.1757,36.88687,0.48208,4.80475,4.40763,94.17188,94.17188,0.50954,330.16373,0.75942,N/A,N/A,6.90005,7.60106,20260604,55.80457,46.1757,36.88687
11-May-26,0.46083,4.74123,4.31997,93.84375,93.84375,-0.48779,-317.11384,0.74057,N/A,N/A,6.97114,7.58416,20260604,53.04922,43.86708,35.03854,0.46083,4.74123,4.31997,93.84375,93.84375,0.50979,331.41247,0.74057,N/A,N/A,6.97114,7.58416,20260604,53.04922,43.86708,35.03854
12-May-26,0.45966,4.89956,4.42923,93.35938,93.35938,-0.48777,-317.95334,0.72063,N/A,N/A,7.21618,7.92577,20260604,52.65137,43.46163,34.68084,0.45966,4.89956,4.42923,93.35938,93.35938,0.50992,332.38969,0.72063,N/A,N/A,7.21618,7.92577,20260604,52.65137,43.46163,34.68084
13-May-26,0.46207,5.08407,4.58337,93.39844,93.39844,-0.4878,-318.98708,0.73194,N/A,N/A,6.8064,8.10675,20260604,50.44966,41.8865,33.54115,0.46207,5.08407,4.58337,93.39844,93.39844,0.50999,333.49363,0.73194,N/A,N/A,6.8064,8.10675,20260604,50.44966,41.8865,33.54115
14-May-26,0.43087,4.9022,4.42678,93.48438,93.48438,-0.48789,-318.80712,0.70691,N/A,N/A,6.79243,8.05308,20260604,47.10712,39.11309,31.33268,0.43087,4.9022,4.42678,93.48438,93.48438,0.51,333.25617,0.70691,N/A,N/A,6.79243,8.05308,20260604,47.10712,39.11309,31.33268
15-May-26,0.51293,6.12821,5.43177,92.375,92.375,-0.48768,-320.81084,0.68569,N/A,N/A,6.9712,8.17357,20260604,55.33866,45.96126,36.83691,0.51293,6.12821,5.43177,92.375,92.375,0.51032,335.69857,0.68569,N/A,N/A,6.9712,8.17357,20260604,55.33866,45.96126,36.83691
18-May-26,0.49786,6.20903,5.47608,92.07812,92.07812,-0.48788,-3.21503,0.6602,N/A,N/A,6.96586,8.38779,20260604,53.54043,44.01182,35.04027,0.49786,6.20903,5.47608,92.07812,92.07812,0.51043,3.36361,0.6602,N/A,N/A,6.96586,8.38779,20260604,53.54043,44.01182,35.04027
19-May-26,0.50674,6.62378,5.81033,91.75,91.75,-0.48807,-3.22222,0.63333,N/A,N/A,7.03037,8.37739,20260604,54.28237,44.0502,34.79583,0.50674,6.62378,5.81033,91.75,91.75,0.51034,3.36929,0.63333,N/A,N/A,7.03037,8.37739,20260604,54.28237,44.0502,34.79583
20-May-26,0.46129,6.26517,5.56842,92.60156,92.60156,-0.4777,-3.14153,0.6031,N/A,N/A,6.91111,8.46191,20260604,49.77234,40.33857,31.82875,0.46129,6.26517,5.56842,92.60156,92.60156,0.52081,3.42499,0.6031,N/A,N/A,6.91111,8.46191,20260604,49.77234,40.33857,31.82875
21-May-26,0.42655,6.10092,5.42161,92.67969,92.67969,-0.47877,-3.1517,0.57286,N/A,N/A,6.91541,8.45341,20260604,45.9375,37.42115,29.633,0.42655,6.10092,5.42161,92.67969,92.67969,0.51983,3.42197,0.57286,N/A,N/A,6.91541,8.45341,20260604,45.9375,37.42115,29.633
22-May-26,0.41019,6.21442,5.53227,92.79688,92.79688,-0.4802,-3.15947,0.53961,N/A,N/A,6.89939,8.45156,20260604,44.21049,36.13472,28.67167,0.41019,6.21442,5.53227,92.79688,92.79688,0.5185,3.4115,0.53961,N/A,N/A,6.89939,8.45156,20260604,44.21049,36.13472,28.67167
26-May-26,0.33731,5.42994,4.87861,93.32812,93.32812,-0.48212,-3.16102,0.50286,N/A,N/A,6.80202,8.21431,20260604,36.64204,29.94502,23.74936,0.33731,5.42994,4.87861,93.32812,93.32812,0.51698,3.38958,0.50286,N/A,N/A,6.80202,8.21431,20260604,36.64204,29.94502,23.74936
27-May-26,0.30261,5.2637,4.73025,93.28125,93.28125,-0.48394,-3.17071,0.46478,N/A,N/A,6.79281,8.19208,20260604,32.92756,27.00234,21.46223,0.30261,5.2637,4.73025,93.28125,93.28125,0.51525,3.37587,0.46478,N/A,N/A,6.79281,8.19208,20260604,32.92756,27.00234,21.46223
28-May-26,0.27422,5.21156,4.56018,93.51562,93.51562,-0.48585,-3.27746,0.43715,N/A,N/A,6.75333,8.19021,20260604,29.02177,23.68171,18.76847,0.27422,5.21156,4.56018,93.51562,93.51562,0.51344,3.46357,0.43715,N/A,N/A,6.75333,8.19021,20260604,29.02177,23.68171,18.76847
29-May-26,0.26138,5.54628,4.85803,93.63281,93.63281,-0.48782,-3.29151,0.38072,N/A,N/A,6.73882,8.11609,20260604,28.40641,23.45373,18.7212,0.26138,5.54628,4.85803,93.63281,93.63281,0.51157,3.45177,0.38072,N/A,N/A,6.73882,8.11609,20260604,28.40641,23.45373,18.7212
1-Jun-26,0.23189,5.68852,4.96678,93.49219,93.49219,-0.48998,-3.31163,0.33016,N/A,N/A,6.77405,8.12248,20260604,25.12319,20.69927,16.49897,0.23189,5.68852,4.96678,93.49219,93.49219,0.50972,3.44504,0.33016,N/A,N/A,6.77405,8.12248,20260604,25.12319,20.69927,16.49897
2-Jun-26,0.1733,5.20202,4.55068,93.57031,93.57031,-0.49227,-3.32351,0.2571,N/A,N/A,6.75803,8.08652,20260604,19.69575,16.19912,12.89936,0.1733,5.20202,4.55068,93.57031,93.57031,0.50753,3.42658,0.2571,N/A,N/A,6.75803,8.08652,20260604,19.69575,16.19912,12.89936
3-Jun-26,0.11711,4.98583,4.34008,93.28906,93.28906,-0.49493,-3.34796,0.18228,N/A,N/A,6.80778,8.01327,20260604,13.26505,10.80993,8.56136,0.11711,4.98583,4.34008,93.28906,93.28906,0.50497,3.41583,0.18228,N/A,N/A,6.80778,8.01327,20260604,13.26505,10.80993,8.56136
4-Jun-26,0.55035,5.25487,4.61479,93.30078,93.30078,-0.47569,3.18997,0.80104,N/A,N/A,6.78319,7.99891,20260706,63.27712,52.13176,41.5315,0.55035,5.25487,4.61479,93.30078,93.30078,0.52111,-3.4945,0.80104,N/A,N/A,6.78319,7.99891,20260706,63.27712,52.13176,41.5315
5-Jun-26,0.57623,5.68149,4.94207,92.69141,92.69141,-0.4756,3.19886,0.78321,N/A,N/A,6.85742,8.08906,20260706,65.8108,54.11779,43.07417,0.57623,5.68149,4.94207,92.69141,92.69141,0.52129,-3.50622,0.78321,N/A,N/A,6.85742,8.08906,20260706,65.8108,54.11779,43.07417
8-Jun-26,0.55454,5.61645,4.88239,92.67969,92.67969,-0.47576,3.20162,0.76288,N/A,N/A,6.86952,8.10366,20260706,63.30927,52.06856,41.45056,0.55454,5.61645,4.88239,92.67969,92.67969,0.52143,-3.50889,0.76288,N/A,N/A,6.86952,8.10366,20260706,63.30927,52.06856,41.45056
9-Jun-26,0.52646,5.4755,4.74109,92.85938,92.85938,-0.47601,3.22218,0.74575,N/A,N/A,6.84574,8.03144,20260706,59.82729,48.96662,38.86721,0.52646,5.4755,4.74109,92.85938,92.85938,0.52128,-3.52864,0.74575,N/A,N/A,6.84574,8.03144,20260706,59.82729,48.96662,38.86721
10-Jun-26,0.49803,5.34,4.61394,92.83594,92.83594,-0.47604,3.22845,0.72487,N/A,N/A,6.85805,8.06377,20260706,56.47006,46.18707,36.64316,0.49803,5.34,4.61394,92.83594,92.83594,0.52135,-3.53573,0.72487,N/A,N/A,6.85805,8.06377,20260706,56.47006,46.18707,36.64316
11-Jun-26,0.47636,5.24595,4.54928,93.34375,93.34375,-0.47608,3.23453,0.7032,N/A,N/A,6.76848,7.84571,20260706,54.11814,44.5199,35.45024,0.47636,5.24595,4.54928,93.34375,93.34375,0.52141,-3.54248,0.7032,N/A,N/A,6.76848,7.84571,20260706,54.11814,44.5199,35.45024
12-Jun-26,0.4726,5.39027,4.66439,93.28125,93.28125,-0.47609,3.23941,0.68042,N/A,N/A,6.7834,7.81717,20260706,53.55459,43.77076,34.69832,0.4726,5.39027,4.66439,93.28125,93.28125,0.52149,-3.54831,0.68042,N/A,N/A,6.7834,7.81717,20260706,53.55459,43.77076,34.69832
15-Jun-26,0.41615,4.91389,4.32505,93.47656,93.47656,-0.47641,3.19358,0.64606,N/A,N/A,6.74313,7.86566,20260706,47.93215,38.88973,30.6833,0.41615,4.91389,4.32505,93.47656,93.47656,0.52148,-3.49573,0.64606,N/A,N/A,6.74313,7.86566,20260706,47.93215,38.88973,30.6833
16-Jun-26,0.38734,4.7445,4.2193,93.78125,93.78125,-0.47664,3.17264,0.61628,N/A,N/A,6.67381,7.63956,20260706,45.0349,36.3657,28.60528,0.38734,4.7445,4.2193,93.78125,93.78125,0.52135,-3.47023,0.61628,N/A,N/A,6.67381,7.63956,20260706,45.0349,36.3657,28.60528
17-Jun-26,0.36847,4.72934,4.14937,93.46875,93.46875,-0.47709,3.20807,0.59594,N/A,N/A,6.72338,7.59868,20260706,42.29926,33.93485,26.58578,0.36847,4.72934,4.14937,93.46875,93.46875,0.521,-3.50334,0.59594,N/A,N/A,6.72338,7.59868,20260706,42.29926,33.93485,26.58578
18-Jun-26,0.36427,4.90233,4.31514,93.48438,93.48438,-0.46425,3.11216,0.56817,N/A,N/A,6.70768,7.59385,20260706,41.89207,33.6841,26.43651,0.36427,4.90233,4.31514,93.48438,93.48438,0.53393,-3.57928,0.56817,N/A,N/A,6.70768,7.59385,20260706,41.89207,33.6841,26.43651
22-Jun-26,0.3513,4.99903,4.35213,93.15625,93.15625,-0.46588,3.14655,0.54274,N/A,N/A,6.7629,7.06031,20260706,40.00358,32.21804,25.30481,0.3513,4.99903,4.35213,93.15625,93.15625,0.5327,-3.59785,0.54274,N/A,N/A,6.7629,7.06031,20260706,40.00358,32.21804,25.30481
23-Jun-26,0.32625,4.91748,4.28985,93.27344,93.27344,-0.46809,3.15899,0.51095,N/A,N/A,6.73837,7.16703,20260706,37.23949,29.97561,23.53706,0.32625,4.91748,4.28985,93.27344,93.27344,0.5306,-3.58085,0.51095,N/A,N/A,6.73837,7.16703,20260706,37.23949,29.97561,23.53706
Date,TBA Options | Front | 4.0 | ATM | Put | Premium,TBA Options | Front | 4.0 | ATM | Put | Price bpvol,TBA Options | Front | 4.0 | ATM | Put | Cvx-adj yield bpvol,TBA Options | Front | 4.0 | ATM | Put | Strike,TBA Options | Front | 4.0 | ATM | Put | TBA price,TBA Options | Front | 4.0 | ATM | Put | Price delta,TBA Options | Front | 4.0 | ATM | Put | Yield delta,TBA Options | Front | 4.0 | ATM | Put | Vega,TBA Options | Front | 4.0 | ATM | Put | Libor OAS,TBA Options | Front | 4.0 | ATM | Put | Model duration,TBA Options | Front | 4.0 | ATM | Put | Trader duration,TBA Options | Front | 4.0 | ATM | Put | Empirical duration,TBA Options | Front | 4.0 | ATM | Put | Expiry,TBA Options | Front | 4.0 | ATM | Put | Matched Swaption Price 10Y,TBA Options | Front | 4.0 | ATM | Put | Matched Swaption Price 7Y,TBA Options | Front | 4.0 | ATM | Put | Matched Swaption Price 5Y,TBA Options | Front | 4.0 | ATM | Call | Premium,TBA Options | Front | 4.0 | ATM | Call | Price bpvol,TBA Options | Front | 4.0 | ATM | Call | Cvx-adj yield bpvol,TBA Options | Front | 4.0 | ATM | Call | Strike,TBA Options | Front | 4.0 | ATM | Call | TBA price,TBA Options | Front | 4.0 | ATM | Call | Price delta,TBA Options | Front | 4.0 | ATM | Call | Yield delta,TBA Options | Front | 4.0 | ATM | Call | Vega,TBA Options | Front | 4.0 | ATM | Call | Libor OAS,TBA Options | Front | 4.0 | ATM | Call | Model duration,TBA Options | Front | 4.0 | ATM | Call | Trader duration,TBA Options | Front | 4.0 | ATM | Call | Empirical duration,TBA Options | Front | 4.0 | ATM | Call | Expiry,TBA Options | Front | 4.0 | ATM | Call | Matched Swaption Price 10Y,TBA Options | Front | 4.0 | ATM | Call | Matched Swaption Price 7Y,TBA Options | Front | 4.0 | ATM | Call | Matched Swaption Price 5Y
24-Jun-26,0.29495,4.72333,4.2439,93.84375,93.84375,-0.47066,3.10287,0.46657,N/A,N/A,6.61919,6.93353,20260706,34.63315,27.81249,21.80125,0.29495,4.72333,4.2439,93.84375,93.84375,0.52812,-3.48163,0.46657,N/A,N/A,6.61919,6.93353,20260706,34.63315,27.81249,21.80125
,,,,,,,,,,,,,,,,,,,,,,,,,,,,,,,,
Date,2023-10-27,,,,,,,,,,,,,,,,,,,,,,,,,,,,,,,
TBA Options | Front | 4.0 | ATM | Put | Premium,0.76021,,,,,,,,,,,,,,,,,,,,,,,,,,,,,,,
TBA Options | Front | 4.0 | ATM | Put | Price bpvol,14.27245,,,,,,,,,,,,,,,,,,,,,,,,,,,,,,,
TBA Options | Front | 4.0 | ATM | Put | Cvx-adj yield bpvol,10.8594,,,,,,,,,,,,,,,,,,,,,,,,,,,,,,,
TBA Options | Front | 4.0 | ATM | Put | Strike,86.48438,,,,,,,,,,,,,,,,,,,,,,,,,,,,,,,
TBA Options | Front | 4.0 | ATM | Put | TBA price,86.48438,,,,,,,,,,,,,,,,,,,,,,,,,,,,,,,
TBA Options | Front | 4.0 | ATM | Put | Price delta,-0.47993,,,,,,,,,,,,,,,,,,,,,,,,,,,,,,,
TBA Options | Front | 4.0 | ATM | Put | Yield delta,0.03443,,,173,,,,,,,,,,,,,,,,,,,,,,,,,,,,
TBA Options | Front | 4.0 | ATM | Put | Vega,0.51014,,,,,,,,,,,,,,,,,,,,,,,,,,,,,,,
TBA Options | Front | 4.0 | ATM | Put | Libor OAS,82.6,,,,,,,,,,,,,,,,,,,,,,,,,,,,,,,
TBA Options | Front | 4.0 | ATM | Put | Model duration,6.525,,,,,,,,,,,,,,,,,,,,,,,,,,,,,,,
TBA Options | Front | 4.0 | ATM | Put | Trader duration,6.49972,,,,,,,,,,,,,,,,,,,,,,,,,,,,,,,
TBA Options | Front | 4.0 | ATM | Put | Empirical duration,6.84052,,,,,,,,,,,,,,,,,,,,,,,,,,,,,,,
TBA Options | Front | 4.0 | ATM | Put | Expiry,20231106,,,,,,,,,,,,,,,,,,,,,,,,,,,,,,,
TBA Options | Front | 4.0 | ATM | Put | Matched Swaption Price 10Y,73.31018,,,,,,,,,,,,,,,,,,,,,,,,,,,,,,,
TBA Options | Front | 4.0 | ATM | Put | Matched Swaption Price 7Y,54.67267,,,,,,,,,,,,,,,,,,,,,,,,,,,,,,,
TBA Options | Front | 4.0 | ATM | Put | Matched Swaption Price 5Y,40.75574,,,,,,,,,,,,,,,,,,,,,,,,,,,,,,,
TBA Options | Front | 4.0 | ATM | Call | Premium,0.76021,,,,,,,,,,,,,,,,,,,,,,,,,,,,,,,
TBA Options | Front | 4.0 | ATM | Call | Price bpvol,14.27245, 13.216820 ,92.60%,#VALUE!,,,,,,,,,,,,,,,,,,,,,,,,,,,,
TBA Options | Front | 4.0 | ATM | Call | Cvx-adj yield bpvol,10.8594,,,,,,,,,,,,,,,,,,,,,,,,,,,,,,,
TBA Options | Front | 4.0 | ATM | Call | Strike,86.48438,,,,,,,,,,,,,,,,,,,,,,,,,,,,,,,
TBA Options | Front | 4.0 | ATM | Call | TBA price,86.48438,,,,,,,,,,,,,,,,,,,,,,,,,,,,,,,
TBA Options | Front | 4.0 | ATM | Call | Price delta,0.5186,0.504393868,97.26%,,,,,,,,,,,,,,,,,,,,,,,,,,,,,
TBA Options | Front | 4.0 | ATM | Call | Yield delta,-0.03721,,,,,,,,,,,,,,,,,,,,,,,,,,,,,,,
TBA Options | Front | 4.0 | ATM | Call | Vega,0.51014, 0.41731 ,81.80%,,,,,,,,,,,,,,,,,,,,,,,,,,,,,
TBA Options | Front | 4.0 | ATM | Call | Libor OAS,82.6,,,,,,,,,,,,,,,,,,,,,,,,,,,,,,,
TBA Options | Front | 4.0 | ATM | Call | Model duration,6.525,,,,,,,,,,,,,,,,,,,,,,,,,,,,,,,
TBA Options | Front | 4.0 | ATM | Call | Trader duration,6.49972,,,,,,,,,,,,,,,,,,,,,,,,,,,,,,,
TBA Options | Front | 4.0 | ATM | Call | Empirical duration,6.84052,,,,,,,,,,,,,,,,,,,,,,,,,,,,,,,
TBA Options | Front | 4.0 | ATM | Call | Expiry,20231106,,,,,,,,,,,,,,,,,,,,,,,,,,,,,,,
TBA Options | Front | 4.0 | ATM | Call | Matched Swaption Price 10Y,73.31018,,,,,,,,,,,,,,,,,,,,,,,,,,,,,,,
TBA Options | Front | 4.0 | ATM | Call | Matched Swaption Price 7Y,54.67267,,,,,,,,,,,,,,,,,,,,,,,,,,,,,,,
TBA Options | Front | 4.0 | ATM | Call | Matched Swaption Price 5Y,40.75574,,,,,,,,,,,,,,,,,,,,,,,,,,,,,,,
,,,,,,,,,,,,,,,,,,,,,,,,,,,,,,,,
,2023-11-06,10,,,,,,,,,,,,,,,,,,,,,,,,,,,,,,
, 6 ,,,,,,,,,,,,,,,,,,,,,,,,,,,,,,,
,2023-11-13,,,,,,,,,,,,,,,,,,,,,,,,,,,,,,,
